"(0.5, 1000, 'constant-epsilon', 0.1, 1)","(0.75, 1000, 'greedy', 0, 20)","(1, 1000, 'epsilon_greedy', 0.1, 5)","(0.75, 1000, 'constant-epsilon', 0.1, 5)","(1, 1000, 'boltzmann_exploration', 1.5, 10)"
40.76,61.92,50.44,50.6,24.08
36.64,65.64,49.32,50.24,29.96
31.76,61.76,52.36,51.56,28.04
33.2,70.4,57.36,57.48,29.0
30.48,64.0,46.8,48.96,28.08
30.36,58.8,48.52,46.68,32.48
32.6,67.28,53.96,53.96,34.08
30.08,60.64,52.28,54.0,32.68
30.28,64.76,51.08,52.52,32.4
32.48,68.16,54.16,54.28,32.16
30.0,69.92,49.52,49.56,34.92
30.12,59.88,48.2,49.04,29.92
31.92,52.52,42.2,43.16,30.36
32.44,54.56,44.44,45.32,33.16
32.44,68.68,52.32,50.48,33.6
34.44,63.0,55.84,55.8,33.64
31.92,66.52,59.64,58.64,39.76
29.24,60.44,50.24,50.68,33.2
33.56,62.56,47.84,47.52,33.52
31.44,62.04,49.28,50.52,31.68
30.0,63.44,54.24,55.08,35.72
31.16,65.24,48.88,48.6,37.84
33.6,66.52,50.68,49.6,39.08
33.0,63.4,48.92,46.8,30.72
29.84,66.48,52.76,51.76,33.36
30.0,60.72,54.44,51.4,33.8
29.0,57.08,45.92,45.24,32.72
29.48,58.2,45.36,46.44,34.36
30.72,67.72,53.24,54.68,38.68
33.12,62.08,50.08,48.76,36.6
32.56,61.44,46.96,48.48,36.16
32.96,58.52,47.64,49.48,35.48
32.04,62.04,43.68,44.56,37.84
34.08,73.6,55.92,56.8,36.44
34.88,61.68,55.24,55.84,40.88
32.8,61.32,47.6,49.6,34.24
33.96,65.72,54.6,55.64,37.84
31.24,65.16,48.92,49.52,38.16
32.96,65.12,50.96,51.16,37.88
30.32,69.68,51.92,52.64,35.64
32.72,58.48,47.72,47.56,39.44
35.84,67.04,56.16,57.64,41.72
34.24,60.48,52.0,52.8,40.88
31.48,67.96,53.84,53.12,39.32
34.08,57.04,46.12,46.72,36.84
31.6,66.76,58.2,53.44,40.44
32.52,58.48,53.36,55.68,36.72
31.16,64.2,54.16,55.64,40.28
35.44,63.0,48.56,47.64,40.16
34.16,64.52,47.12,48.6,38.84
31.88,53.6,41.2,41.68,38.8
31.56,64.68,52.28,49.96,44.4
31.56,73.12,51.6,54.44,49.08
32.4,64.84,47.12,48.4,42.28
33.88,65.52,50.68,50.84,45.6
31.24,53.4,43.72,43.64,35.4
29.28,64.84,50.64,49.64,39.16
31.24,68.08,49.16,48.64,40.08
30.2,59.36,49.2,52.32,39.48
30.2,68.96,53.84,54.16,41.56
30.76,61.0,45.72,43.44,43.08
30.76,70.84,55.72,55.12,42.8
32.12,66.12,51.28,51.56,45.76
32.84,67.12,54.84,54.96,46.8
31.0,67.44,50.32,44.92,38.96
32.72,65.0,47.6,47.08,36.72
34.48,65.0,50.36,47.08,45.72
33.68,61.28,47.96,48.4,42.96
33.68,64.48,49.8,47.92,45.32
31.8,60.04,40.56,41.56,41.56
34.88,62.8,46.96,48.28,42.04
34.44,71.4,57.92,61.76,47.36
33.8,67.44,51.28,51.36,43.44
34.68,59.72,45.56,48.72,41.64
32.84,66.2,54.32,56.08,47.96
34.6,66.2,46.36,51.72,40.88
35.76,60.04,43.68,46.84,41.24
33.0,67.36,44.0,46.6,44.0
30.72,59.08,45.84,46.68,41.96
32.72,57.32,47.12,45.76,42.16
33.16,60.36,42.6,43.48,42.36
35.56,62.0,47.36,50.4,46.52
33.52,70.88,53.52,50.84,44.24
33.08,55.76,50.04,48.48,38.84
35.12,66.32,53.12,47.76,38.96
30.76,61.2,47.84,46.28,46.44
33.32,63.32,46.52,46.64,46.36
34.24,65.72,47.64,46.64,46.12
34.84,59.08,45.64,46.0,43.04
33.96,67.32,55.12,56.8,43.6
32.64,57.56,50.08,53.36,39.48
32.84,70.48,53.6,51.24,45.84
32.56,69.68,46.48,47.2,45.76
32.84,63.36,53.4,50.76,45.12
31.2,63.12,44.76,50.76,43.44
35.12,61.48,47.08,50.0,42.44
34.6,62.84,48.56,48.72,41.6
33.92,63.56,45.76,47.6,42.28
33.2,67.48,49.0,47.28,43.64
32.12,61.44,43.6,44.12,38.16
35.56,72.8,51.52,49.2,52.2
31.48,69.76,54.6,52.76,46.32
31.36,62.28,50.56,50.52,45.92
32.72,71.48,56.8,54.36,51.52
33.8,68.36,52.44,54.0,43.28
32.6,65.36,49.6,50.6,40.88
30.24,57.64,48.8,46.84,40.56
30.92,62.32,48.04,49.4,41.76
31.8,70.6,52.84,53.6,46.96
35.32,59.24,49.8,50.48,42.16
29.36,59.8,40.28,42.32,34.88
34.6,57.64,46.04,43.44,36.28
32.72,66.04,50.96,50.92,42.96
33.16,65.04,47.0,48.32,43.44
32.0,66.12,52.92,52.8,51.4
31.8,69.28,52.8,54.24,45.88
33.92,72.44,51.04,47.52,52.84
33.0,66.6,46.84,49.4,50.56
32.28,73.36,50.48,51.52,50.32
33.2,65.72,45.28,53.4,43.56
35.68,65.12,46.12,52.16,45.28
34.48,72.92,46.92,50.88,48.08
32.48,64.68,47.56,49.8,46.24
35.0,70.24,42.88,52.8,50.32
31.36,69.2,45.76,52.68,44.92
30.52,66.44,43.48,49.52,47.48
33.0,72.84,56.64,57.84,54.52
32.12,57.48,46.0,46.32,43.64
33.88,66.44,45.6,50.24,49.56
31.88,59.24,47.04,44.8,42.36
33.92,67.56,48.04,47.76,44.48
34.36,68.32,43.36,44.32,44.12
36.92,62.6,45.12,44.88,42.88
30.84,63.84,49.96,45.44,43.08
31.8,73.84,54.24,54.28,48.8
32.56,64.04,54.96,48.6,44.16
33.16,66.44,48.96,46.2,39.6
32.96,58.24,43.52,39.36,44.2
31.52,70.36,45.88,46.68,39.28
31.24,65.56,47.6,45.12,44.16
30.28,58.76,46.64,44.88,40.32
36.68,66.36,46.84,43.84,49.36
34.48,58.68,38.36,43.44,39.0
32.44,72.32,51.92,50.12,44.16
33.2,67.04,46.52,45.36,50.24
34.88,67.44,45.0,45.48,48.96
31.36,68.8,44.72,38.0,48.36
31.56,70.28,45.68,48.04,46.36
31.32,64.36,47.48,45.12,42.44
31.92,64.96,48.92,42.36,55.56
31.0,52.0,40.12,39.88,41.52
35.16,63.32,51.28,53.04,47.6
32.36,69.04,57.76,54.32,50.84
35.28,63.28,50.8,45.72,44.84
32.0,64.32,49.68,52.72,46.44
29.96,66.92,53.32,50.68,45.84
31.12,59.2,50.56,48.56,44.76
32.56,60.44,50.16,53.96,46.84
32.36,71.28,52.48,52.96,48.0
32.28,62.56,47.44,47.0,42.2
30.92,64.68,50.12,47.84,45.96
31.44,63.08,47.8,46.52,42.64
30.4,59.28,40.96,46.88,41.56
34.04,57.64,47.96,45.68,43.92
31.92,57.04,46.48,45.72,44.04
29.6,65.88,47.92,50.0,45.16
31.84,66.52,52.88,50.72,50.68
33.64,65.92,49.4,50.4,49.36
34.96,66.0,39.72,43.48,45.52
33.6,69.08,43.88,44.12,41.96
32.48,62.8,50.12,48.2,37.92
29.84,62.8,51.84,51.52,45.52
29.96,68.4,51.72,50.64,51.84
30.16,63.84,49.84,43.76,44.72
34.4,65.24,47.36,45.4,48.72
33.24,61.36,45.28,42.44,45.72
30.44,67.72,50.28,50.8,50.48
34.84,68.4,54.92,53.08,51.44
34.32,66.2,50.88,50.28,46.6
34.04,66.0,47.96,49.88,43.84
34.72,68.32,48.88,46.4,56.56
30.0,60.64,41.6,42.08,45.16
32.6,66.88,44.96,43.56,45.76
30.12,60.36,42.92,50.6,44.96
31.56,67.0,51.16,54.12,51.56
34.52,65.0,41.08,46.24,46.4
33.52,60.44,41.6,42.08,41.16
32.16,55.8,39.8,40.0,44.68
35.16,62.0,41.4,38.08,44.08
32.68,56.68,45.28,35.92,42.84
31.44,70.88,48.6,46.64,52.4
35.76,68.2,48.96,44.56,50.28
31.48,61.16,43.8,44.56,45.64
31.8,58.28,49.64,43.88,46.84
32.48,58.08,45.8,39.16,47.92
31.84,65.2,51.28,52.0,43.88
37.44,65.8,51.68,51.92,48.12
30.6,58.96,45.04,43.8,45.64
32.68,65.52,44.36,47.6,46.24
32.92,64.72,55.68,49.4,50.96
34.88,71.72,54.76,47.24,53.64
31.36,63.08,43.88,45.6,43.12
32.92,62.44,42.12,41.84,45.84
33.56,69.48,50.16,47.88,54.32
30.2,58.52,47.04,46.2,45.88
34.96,67.92,48.92,46.56,54.04
36.32,63.32,40.08,43.48,46.4
31.76,69.68,55.4,58.04,49.84
37.0,70.2,50.56,51.24,50.6
30.64,58.72,38.2,39.96,48.56
33.84,61.76,40.84,43.36,46.4
34.88,57.24,38.92,42.16,43.8
32.16,66.24,52.8,51.0,52.32
36.08,70.72,47.6,50.32,50.8
34.88,72.04,50.44,48.36,63.0
36.64,63.12,46.52,49.36,52.44
31.08,57.04,45.36,50.36,53.88
31.48,74.4,50.08,51.52,51.68
35.48,62.4,47.4,46.76,48.12
38.56,64.96,44.0,52.08,49.92
34.04,68.16,54.4,57.32,53.84
31.04,61.8,44.56,41.92,47.6
33.76,67.48,47.04,48.4,52.92
36.88,61.56,45.0,44.64,44.2
34.36,58.16,35.4,39.52,45.24
34.56,66.56,46.04,52.72,51.76
32.0,58.28,44.68,43.6,47.12
33.32,65.68,44.28,44.12,53.4
35.52,61.28,40.48,47.56,48.12
33.68,59.92,44.64,43.96,50.6
34.2,69.84,48.68,48.44,53.44
32.52,63.44,41.72,40.72,47.04
31.52,61.72,42.64,44.56,43.64
32.6,62.72,41.76,43.56,48.28
31.2,62.56,47.92,43.96,50.44
33.28,74.4,51.96,50.76,57.96
32.68,70.6,46.32,43.44,49.96
30.12,67.36,49.4,50.0,53.08
33.48,61.8,46.12,45.28,45.4
33.92,65.08,46.32,46.12,55.64
34.36,67.08,50.0,49.04,49.52
33.72,60.24,48.84,46.8,51.2
32.88,64.68,44.16,40.32,46.48
32.08,64.96,43.96,45.76,48.52
31.12,68.2,46.68,44.76,47.48
37.2,75.48,59.68,54.96,55.96
32.96,68.88,52.16,53.12,55.12
31.52,59.08,43.44,41.28,44.36
32.8,60.2,52.28,45.88,49.72
36.08,66.52,52.44,52.4,53.68
31.2,67.24,51.44,48.56,52.88
34.48,64.04,46.2,41.84,52.08
33.52,68.36,50.4,48.4,51.12
34.56,67.12,45.6,46.92,51.52
36.2,68.92,53.12,49.72,53.88
34.44,64.76,50.2,51.88,49.68
36.56,74.4,48.96,47.0,56.4
34.52,63.0,46.28,43.4,49.24
31.6,58.36,43.4,43.4,44.32
36.68,80.48,54.92,53.92,58.4
32.12,64.36,45.04,46.04,53.6
33.84,57.32,39.0,41.4,46.4
31.68,55.08,39.76,41.32,46.32
33.0,58.6,42.36,48.12,46.84
34.28,62.04,42.8,45.88,52.8
34.0,69.08,50.68,48.64,51.72
34.88,62.72,47.12,51.76,51.0
37.88,67.6,41.84,40.88,55.24
37.44,69.32,46.36,47.4,53.04
40.32,67.08,42.4,52.36,54.56
34.2,57.96,43.6,47.64,50.2
31.12,52.76,36.0,42.72,47.8
35.24,62.64,43.12,42.88,51.28
34.96,65.64,46.72,47.72,54.68
33.8,62.96,45.52,44.2,51.44
34.6,68.08,49.96,50.68,56.4
35.72,64.76,47.92,47.6,55.4
36.64,60.8,43.16,42.68,50.36
36.48,66.24,46.6,49.88,50.72
35.48,61.8,44.08,47.04,51.2
39.96,74.76,47.8,55.28,55.28
33.24,63.48,43.8,45.04,49.44
34.52,58.0,43.24,41.8,52.72
36.6,67.0,55.4,53.28,49.56
35.6,54.68,40.28,37.72,45.68
38.72,61.16,40.68,38.04,45.68
35.52,66.92,46.76,47.56,46.24
35.56,67.8,48.88,49.32,52.08
33.36,66.92,48.56,50.04,52.24
38.36,58.44,38.88,41.12,44.68
38.32,63.64,48.96,47.88,47.6
35.16,64.0,41.36,42.96,47.6
35.8,66.04,45.16,39.04,48.6
32.8,60.96,48.92,44.52,49.92
42.28,66.16,45.44,45.2,48.52
38.92,69.68,52.24,48.44,57.84
38.44,67.24,45.28,43.6,50.2
33.92,66.6,50.2,46.84,51.52
35.96,61.0,42.52,40.88,50.32
36.32,64.88,44.76,41.88,52.52
40.48,71.16,53.4,52.12,56.56
35.12,64.76,43.52,44.8,52.64
36.0,70.36,45.72,46.68,59.48
33.4,68.44,54.8,50.04,56.76
35.08,59.2,50.92,44.16,45.52
38.36,69.64,46.08,49.96,56.16
34.52,64.4,46.48,49.88,57.88
38.44,65.72,50.52,45.84,53.44
35.44,64.6,43.6,48.76,55.4
37.44,66.44,45.32,50.44,58.32
38.92,69.04,51.64,55.0,61.72
37.6,64.4,46.24,46.24,55.12
37.76,66.64,45.16,51.56,56.56
37.28,61.48,43.6,48.96,52.84
32.88,62.76,46.52,48.36,54.04
39.08,65.88,46.44,51.0,57.32
38.84,66.56,45.2,51.56,54.76
39.44,71.08,50.68,51.48,57.0
39.72,68.32,47.88,47.16,59.88
35.96,54.24,36.96,41.84,46.32
38.24,65.4,50.48,51.48,57.08
37.48,71.08,46.68,53.84,55.92
34.6,55.04,44.84,41.32,46.0
37.48,67.08,45.64,48.4,48.28
36.36,57.12,46.84,46.88,47.8
43.12,66.8,48.64,53.84,56.28
39.2,62.4,48.56,50.72,53.24
34.4,61.64,47.08,47.52,49.16
32.12,67.52,46.56,46.08,59.52
33.92,57.64,34.92,42.52,49.96
37.96,61.48,44.04,50.0,45.72
35.48,61.96,43.0,43.0,54.28
37.56,59.4,44.32,42.8,49.32
33.76,55.2,43.12,43.04,45.72
34.76,60.72,42.44,43.6,51.12
30.64,57.08,46.64,46.0,50.64
37.96,67.96,47.32,49.56,56.48
34.56,65.2,47.36,52.84,54.28
37.12,76.92,54.28,58.52,61.96
36.64,71.48,54.72,52.8,60.2
34.56,52.12,42.6,38.68,45.56
33.24,61.68,44.96,49.6,50.44
36.56,57.6,47.2,47.36,53.04
36.84,63.76,50.6,48.4,52.6
38.0,65.44,45.4,46.28,48.96
35.36,59.84,49.88,51.0,52.96
31.16,54.64,38.6,41.28,43.2
35.2,64.64,49.36,47.64,56.2
37.0,65.6,43.92,44.12,57.76
38.8,63.2,47.36,44.32,54.48
36.6,63.4,47.88,48.44,48.16
33.64,63.24,46.96,45.6,53.76
38.0,67.2,51.32,51.12,53.16
34.08,65.96,51.2,50.72,44.72
34.76,52.24,39.84,42.4,38.4
32.64,60.88,44.64,52.16,49.68
33.92,64.04,46.84,48.64,51.2
32.2,55.56,50.8,47.72,49.4
36.56,61.16,44.16,38.56,49.92
36.52,69.96,52.6,46.76,55.16
32.96,59.6,44.08,41.68,48.16
35.16,66.44,51.28,45.68,59.2
32.56,62.64,49.32,42.32,55.6
38.88,71.6,53.68,52.68,60.92
36.48,55.92,41.68,38.88,43.6
39.92,67.84,56.4,45.04,58.04
38.08,60.84,46.88,45.16,51.8
36.04,59.24,41.64,37.2,56.12
38.08,75.28,52.2,40.6,59.76
39.92,71.64,52.56,51.64,57.76
35.48,54.84,40.92,39.2,40.12
36.04,64.56,47.96,42.92,50.84
32.8,52.48,42.56,38.08,43.36
39.4,69.56,50.92,48.28,56.68
41.32,67.48,50.8,46.0,53.36
32.64,63.92,45.64,40.08,50.32
29.56,65.92,47.24,45.6,52.16
32.52,57.24,42.56,39.8,47.56
36.04,64.32,46.92,44.52,54.16
36.36,65.12,47.48,41.48,48.72
36.04,68.2,41.16,44.36,47.64
35.4,58.8,44.52,38.12,50.44
37.24,52.48,39.96,43.12,45.24
35.48,59.84,44.24,41.28,50.12
34.68,72.36,45.76,50.36,61.32
35.6,65.68,42.52,41.48,54.16
35.52,68.16,50.28,46.52,56.36
33.84,67.64,44.68,42.64,48.68
34.96,67.12,52.0,45.44,54.8
33.52,68.0,41.92,52.48,53.72
29.32,64.12,38.28,40.24,49.44
36.56,60.84,44.2,48.08,47.8
37.96,64.12,42.68,50.0,57.48
37.52,70.68,51.28,51.32,57.72
40.32,67.24,50.76,52.12,55.28
36.16,68.0,50.04,47.52,48.76
35.16,62.48,42.56,41.32,51.16
36.0,67.08,41.8,41.16,58.68
38.72,62.52,36.08,47.0,48.76
37.96,60.28,42.88,39.04,49.16
33.12,59.2,47.44,41.32,47.08
36.96,57.2,44.56,38.2,46.28
41.92,66.44,50.6,47.24,57.04
36.52,60.36,39.96,42.72,51.12
33.28,65.8,45.32,45.88,49.12
41.0,74.36,46.0,50.6,63.64
38.52,57.36,39.72,37.32,45.32
35.2,60.24,45.64,40.56,53.72
35.84,56.56,47.88,46.96,43.8
39.64,64.76,49.68,48.72,50.56
35.6,57.28,47.36,41.88,48.16
39.4,59.16,45.4,46.64,49.68
39.0,60.04,46.96,42.64,46.68
37.24,64.96,47.12,50.16,51.52
37.16,61.32,46.68,46.6,43.96
40.24,70.28,52.04,52.32,55.64
38.96,61.48,45.6,46.76,41.64
37.84,71.04,52.04,47.84,55.32
38.12,66.0,45.28,43.32,47.68
34.68,67.52,54.6,47.92,57.72
39.84,67.6,49.12,41.52,50.4
36.24,63.68,42.6,43.44,49.56
37.6,66.88,52.16,45.72,55.92
37.16,76.48,50.96,48.6,54.64
39.04,63.04,46.44,47.24,53.92
36.32,68.12,51.12,53.96,57.96
38.44,65.44,53.88,49.2,53.2
33.56,62.88,47.92,46.04,52.08
40.12,65.52,48.64,46.36,50.24
34.6,65.0,48.56,45.68,45.72
36.08,56.64,43.56,38.32,37.6
35.64,63.04,47.36,47.6,49.92
33.72,58.4,43.12,45.56,44.56
35.12,62.96,45.28,39.84,46.08
34.32,63.2,52.48,43.32,46.12
36.2,58.76,45.16,49.44,40.24
35.32,60.44,45.0,46.4,48.48
38.84,66.4,50.48,46.52,48.32
33.48,57.4,40.16,45.8,46.16
37.16,66.48,41.76,45.04,51.08
34.92,62.68,47.6,46.56,51.12
33.52,68.28,48.76,40.48,53.72
40.16,71.36,44.64,46.64,56.36
36.96,68.72,41.56,38.36,56.68
38.16,75.44,44.64,51.52,55.0
34.56,68.16,48.6,43.08,52.52
39.96,68.12,53.48,52.04,53.32
38.92,68.04,48.48,45.4,54.44
39.76,61.92,50.4,47.28,51.92
34.28,57.72,45.36,38.32,45.08
38.4,70.64,54.0,46.6,60.96
36.48,63.0,49.88,51.16,50.96
39.88,70.2,50.92,50.72,59.08
36.28,70.96,46.12,45.04,56.96
35.32,53.96,34.24,37.92,45.6
36.4,64.88,44.6,44.04,52.84
36.2,60.6,45.12,44.2,47.84
37.48,64.48,42.28,45.92,50.92
36.2,63.96,46.4,45.16,54.04
37.56,60.56,38.72,44.2,52.0
36.48,68.64,46.2,42.2,56.4
37.4,58.92,43.52,39.48,47.36
34.88,60.16,42.92,45.24,49.44
39.72,72.72,47.72,48.04,62.64
41.16,64.08,42.76,40.0,46.08
40.92,68.6,53.44,45.92,57.44
38.08,66.36,49.28,50.8,52.64
36.04,60.0,45.32,47.52,53.36
37.92,65.12,45.2,47.64,58.12
34.52,64.4,45.48,48.0,57.72
42.4,79.64,61.0,52.8,64.16
39.84,63.04,42.24,40.24,50.72
37.24,62.68,45.88,47.88,56.24
41.28,64.8,47.48,46.8,52.0
36.4,60.84,42.36,45.4,52.0
34.8,59.24,41.0,46.4,50.0
36.52,59.12,39.64,41.52,53.68
38.56,58.8,35.52,39.64,48.64
35.76,65.4,45.4,48.44,52.96
36.52,62.76,43.36,45.88,45.4
32.76,63.08,40.92,46.12,55.4
35.96,60.12,41.08,43.12,46.64
46.68,74.0,48.64,51.92,59.4
37.04,58.8,40.28,48.84,48.8
39.92,62.36,39.4,49.4,54.4
37.76,70.56,45.56,50.2,63.64
33.0,63.04,45.36,47.28,55.88
34.92,60.36,44.52,47.68,51.68
35.6,63.72,42.84,49.04,58.64
37.32,60.08,40.68,47.76,51.8
40.08,75.4,53.8,55.68,63.92
36.12,67.2,51.32,55.48,54.96
36.24,61.96,43.4,51.84,55.12
36.36,61.2,46.6,47.68,51.64
37.6,62.36,45.36,45.04,58.16
34.96,59.72,42.0,40.4,52.04
36.68,63.28,45.84,53.52,53.48
35.16,62.2,48.96,49.88,56.88
34.24,57.24,41.2,39.36,44.44
35.76,55.04,42.44,42.4,46.12
43.84,70.36,49.64,54.84,58.92
41.88,64.28,43.72,48.44,55.08
36.96,62.72,51.72,53.48,57.84
37.52,67.12,44.76,46.4,58.6
36.08,63.8,47.52,49.52,54.24
35.6,51.76,37.56,45.44,50.84
38.84,58.88,48.56,50.84,52.16
37.88,64.36,43.88,48.08,52.84
39.76,71.16,50.56,53.88,61.16
41.6,56.2,42.68,48.4,49.48
38.28,58.16,40.28,42.24,50.56
37.8,60.6,38.96,45.76,49.92
43.12,68.48,43.76,46.56,59.4
41.04,73.64,54.8,48.44,60.92
37.08,73.36,54.52,57.64,64.84
42.8,66.44,51.16,51.52,58.84
35.08,65.8,53.24,46.6,60.32
39.8,67.32,47.84,48.16,61.32
38.88,66.04,45.6,47.12,56.08
39.04,69.28,47.36,50.92,62.84
38.72,60.24,47.2,47.08,56.96
35.72,65.64,43.68,48.4,58.84
35.92,57.6,41.68,46.12,46.76
40.04,70.2,51.08,53.68,67.48
40.2,61.72,41.72,45.8,54.24
38.12,63.0,44.12,48.32,56.52
35.8,55.4,46.12,48.0,52.68
40.32,54.8,45.48,47.72,49.0
41.72,66.52,45.2,45.52,56.96
39.28,61.12,47.64,47.04,55.52
42.64,66.88,45.56,56.36,55.52
41.24,60.0,43.88,49.6,51.72
39.08,61.4,48.72,49.56,52.28
36.48,63.08,36.6,40.24,51.56
37.52,59.88,40.36,46.48,50.04
37.6,71.08,40.96,42.8,56.6
39.64,59.6,39.52,44.6,53.6
35.56,64.84,41.64,46.4,56.52
37.92,67.52,42.96,50.52,56.72
39.6,61.76,43.56,44.6,55.24
44.12,60.48,43.48,52.08,57.92
40.0,67.52,38.8,48.4,54.32
37.36,62.24,43.0,44.12,53.48
39.8,54.08,35.6,41.84,50.44
40.44,54.52,36.4,45.16,50.68
36.36,61.48,47.04,54.16,57.96
40.68,69.16,40.8,45.2,60.36
41.32,68.2,48.0,50.96,61.88
38.88,65.24,50.92,47.88,53.44
39.92,72.12,49.36,44.88,59.44
35.8,60.0,39.08,41.44,55.04
41.96,59.28,44.76,49.04,53.4
38.76,65.72,46.8,55.44,59.48
36.08,58.92,35.52,41.68,55.76
38.92,69.84,42.16,51.48,63.08
40.68,64.88,47.16,53.6,58.32
30.24,58.68,40.0,45.16,51.2
38.92,56.44,45.08,50.88,50.76
48.96,71.68,48.2,56.4,64.2
37.12,59.8,44.92,40.48,58.48
40.52,60.56,48.48,48.28,51.12
38.28,62.24,44.04,42.36,57.16
40.28,63.84,50.68,49.56,51.28
41.12,60.44,45.52,44.52,56.64
40.44,70.32,45.12,49.12,60.0
41.0,60.28,49.44,46.44,55.16
35.68,66.92,44.04,51.04,59.68
46.0,72.8,45.76,48.16,68.96
36.64,62.92,43.64,48.4,58.36
37.04,54.0,39.44,42.64,48.0
39.44,73.8,56.44,57.68,64.28
40.24,69.96,52.52,54.48,64.36
40.4,70.76,49.52,45.92,63.44
36.48,66.76,43.12,45.8,60.96
38.44,63.4,47.0,50.72,58.0
38.68,54.24,38.8,42.28,49.36
39.52,64.0,47.12,44.84,54.8
42.8,77.0,54.76,61.68,69.88
40.56,62.8,48.24,48.6,56.4
46.16,75.08,55.52,49.84,65.32
42.52,57.0,44.88,44.4,53.4
34.96,59.92,44.6,46.92,56.16
34.2,63.0,40.8,46.84,57.48
42.64,61.6,43.36,48.48,60.52
40.24,66.32,44.88,50.32,60.16
39.28,58.04,41.72,45.4,51.44
37.76,60.68,45.96,44.12,58.44
36.2,53.28,35.04,42.72,44.64
45.2,65.76,48.36,58.12,59.56
42.04,64.24,44.24,44.44,59.36
40.8,63.2,47.28,48.44,55.12
29.8,60.88,45.52,47.88,58.32
39.48,63.2,48.8,51.36,57.96
39.44,66.92,40.4,42.08,59.48
39.28,65.04,48.56,48.32,58.88
39.04,57.8,43.84,43.48,51.88
34.2,57.36,39.88,38.48,48.92
35.68,67.84,45.64,45.84,61.72
41.08,66.88,48.36,45.72,58.56
38.76,62.16,42.56,44.56,56.16
40.04,60.72,49.08,45.44,56.8
37.88,63.96,45.0,48.92,54.4
43.72,70.24,54.28,54.16,63.48
39.64,69.32,46.52,48.92,64.52
44.32,68.68,48.48,48.52,64.52
39.76,64.88,47.0,49.96,56.2
40.84,62.52,43.44,45.12,63.4
42.68,60.8,42.56,48.2,54.08
41.2,69.0,44.32,51.68,63.16
40.84,65.52,45.08,48.44,61.36
41.96,71.12,46.32,46.72,61.8
42.48,64.04,51.52,48.76,58.0
43.16,64.04,46.32,47.44,57.44
39.4,65.4,45.04,45.16,64.56
39.04,55.76,40.04,40.12,52.88
42.76,65.2,50.44,56.64,58.88
41.48,68.48,47.32,46.04,57.08
40.44,58.6,50.72,46.52,53.72
41.4,69.4,47.24,47.56,66.56
46.04,66.8,47.04,55.72,63.84
48.04,66.16,47.32,51.24,60.92
45.48,72.4,42.24,49.6,65.96
39.96,66.12,39.48,44.8,61.08
39.24,68.2,47.44,54.84,63.08
41.16,64.92,45.8,51.68,60.8
41.84,71.52,51.32,52.44,63.6
41.28,63.64,46.16,43.96,53.4
40.88,71.16,50.4,56.48,57.08
36.48,62.72,42.4,47.72,52.44
45.28,76.68,50.2,52.28,64.72
44.0,62.84,43.84,42.36,56.8
41.28,62.96,46.44,49.84,54.08
41.2,65.92,42.04,41.0,56.24
37.44,57.04,48.36,44.4,49.16
41.44,65.52,53.6,44.56,53.88
36.36,55.84,42.68,39.96,48.12
40.04,67.4,46.72,45.16,62.48
39.88,65.4,50.36,43.4,57.72
40.04,67.0,50.6,57.36,56.84
40.32,68.36,52.6,43.68,57.12
43.72,63.72,44.64,43.88,56.24
39.96,69.12,47.08,49.04,63.12
41.48,63.64,50.12,50.24,59.0
35.12,58.76,36.36,38.64,52.88
35.76,58.32,39.6,41.84,56.16
40.36,59.6,43.48,43.72,52.36
36.8,64.72,52.0,49.04,54.88
44.2,59.2,45.04,46.84,55.32
41.04,59.32,43.8,42.72,53.72
38.48,64.72,47.96,46.96,56.72
40.76,72.52,43.04,48.8,68.8
41.6,58.72,36.44,37.12,51.52
42.88,70.16,46.76,50.64,68.24
32.48,59.04,37.56,44.56,52.64
37.96,61.36,50.0,49.52,57.44
44.08,68.16,50.0,57.84,63.88
36.56,60.48,40.68,40.56,53.92
35.0,57.72,40.56,42.8,53.32
42.04,61.88,43.96,44.6,56.16
44.84,66.56,46.24,53.72,60.92
39.2,62.04,45.92,47.32,59.64
44.88,63.4,42.92,46.96,56.88
38.08,65.28,46.72,53.76,57.36
39.2,63.28,44.16,48.36,57.68
45.24,63.56,42.28,44.92,55.64
38.56,58.6,44.52,42.32,52.96
43.72,68.52,42.92,42.88,64.64
42.6,68.52,44.8,52.56,60.44
35.4,60.44,42.28,46.4,54.84
35.12,63.16,47.12,47.52,55.84
32.48,68.76,44.16,57.88,60.28
42.52,67.08,49.2,44.56,58.92
38.68,65.32,41.52,47.6,59.48
38.76,61.48,39.4,44.48,57.88
38.64,63.92,44.6,49.92,61.8
41.24,65.68,45.24,49.92,59.56
40.12,65.04,47.04,48.76,58.0
46.92,67.04,49.08,51.56,66.6
41.0,61.56,45.04,45.72,59.68
33.52,60.32,40.4,45.16,58.08
44.64,69.08,50.68,49.68,64.52
40.44,70.52,46.28,47.2,64.72
47.76,68.24,48.0,54.68,64.76
44.8,68.6,51.68,52.0,65.08
39.88,65.92,44.44,53.16,59.4
45.24,68.48,48.92,52.48,59.36
38.84,62.36,40.88,41.08,59.8
36.88,58.68,48.6,46.24,52.84
43.36,60.6,42.44,40.32,55.96
49.64,65.88,49.16,53.96,61.2
40.44,52.72,40.64,38.44,52.2
41.84,54.76,38.36,43.52,46.84
43.48,62.32,42.76,41.52,58.76
44.36,54.2,40.88,50.2,51.96
46.88,71.28,46.4,48.64,63.76
45.96,68.32,51.16,47.84,60.0
44.88,65.0,44.28,44.36,57.08
46.64,66.16,41.76,48.44,59.28
47.56,70.24,42.68,51.84,56.8
40.88,64.44,43.56,50.8,52.52
44.8,65.92,43.4,45.28,54.96
37.56,58.32,37.24,46.12,51.6
45.8,65.88,44.68,48.36,60.24
41.04,55.2,35.56,44.0,48.96
41.28,58.56,39.6,44.96,50.4
43.2,71.04,41.88,44.76,61.64
43.0,62.32,45.36,47.12,51.76
40.72,59.72,42.88,45.28,52.44
45.12,71.68,49.88,50.2,69.72
41.8,67.48,49.36,48.76,55.68
50.16,72.96,48.24,47.6,65.92
45.56,68.8,46.44,41.44,63.44
41.72,58.84,44.92,49.28,52.84
39.96,56.48,43.28,47.32,50.4
42.44,66.8,47.76,50.12,60.36
46.32,63.48,48.12,49.48,55.32
37.92,60.6,44.52,44.48,55.36
46.6,62.08,43.64,42.6,55.0
43.92,68.4,44.88,42.28,63.24
37.52,58.32,47.72,42.24,55.12
37.68,55.64,42.48,42.72,53.08
42.8,62.96,42.56,48.96,57.04
43.8,58.6,46.04,43.16,53.28
40.6,53.24,39.88,45.32,46.44
41.96,57.12,42.6,48.68,52.12
46.84,62.64,46.24,48.28,56.64
35.76,59.92,42.32,40.4,55.48
45.64,58.76,43.56,42.72,52.92
42.32,54.56,45.84,39.56,50.72
39.84,66.08,44.4,45.48,55.72
40.56,60.48,42.8,43.36,52.48
46.48,67.96,50.32,50.56,58.84
50.32,75.8,52.76,51.92,63.48
41.24,58.68,38.8,42.04,54.48
39.28,58.0,42.04,44.6,53.12
43.04,69.96,49.6,45.76,56.72
39.4,67.76,47.76,47.72,59.28
41.64,71.92,43.88,46.48,65.08
44.56,61.36,50.6,49.96,54.56
40.12,55.12,39.44,43.16,51.28
43.56,65.8,51.88,48.2,60.56
45.48,65.16,48.56,42.4,58.28
46.72,69.32,50.6,49.28,61.12
39.16,57.28,45.04,38.16,52.92
47.64,68.48,50.92,50.16,61.88
40.88,59.52,47.24,49.68,54.6
40.08,62.64,47.32,48.32,57.08
40.44,58.32,38.88,44.32,55.24
47.4,66.56,49.56,50.04,57.72
42.68,65.64,50.6,44.8,59.68
46.24,65.32,46.76,47.32,55.72
46.48,67.68,47.28,46.88,60.24
42.08,67.64,49.12,50.8,58.96
40.92,59.88,46.72,43.88,55.68
50.76,59.84,45.8,50.52,52.84
45.48,66.96,41.52,48.68,55.28
50.36,71.48,47.72,49.6,63.8
42.12,63.56,41.64,41.28,56.88
39.88,68.76,48.84,50.36,63.4
51.44,67.36,46.76,48.24,65.12
46.08,64.68,47.88,49.64,62.64
51.56,67.36,50.08,46.84,65.24
42.32,64.04,44.28,42.76,57.56
36.52,56.44,44.08,45.08,51.68
43.32,70.32,51.28,54.96,67.28
48.8,66.96,55.4,51.04,58.4
48.04,66.72,46.16,48.76,60.16
46.36,62.12,48.36,45.16,54.68
41.48,72.28,50.24,47.24,65.76
47.92,64.92,49.24,45.72,58.44
49.96,70.0,48.96,51.12,61.64
47.52,63.76,51.6,48.88,61.96
49.88,68.72,50.68,44.64,62.92
48.84,66.52,49.92,51.2,64.4
48.56,60.44,51.44,52.2,58.84
46.16,64.4,53.8,50.84,61.2
44.12,66.32,55.64,54.44,63.48
47.84,60.24,46.32,37.72,57.8
46.16,57.24,49.96,44.52,56.76
41.96,57.4,47.0,41.04,54.68
42.04,56.96,45.88,42.04,56.6
47.56,55.88,43.8,46.0,49.48
52.04,68.2,56.48,50.92,58.88
49.72,68.36,50.32,47.68,59.76
49.76,65.76,55.36,43.72,59.88
43.88,64.0,49.96,52.0,61.52
51.04,60.6,51.52,49.08,52.44
41.88,60.48,46.64,42.68,55.08
42.92,58.32,42.6,39.12,51.12
50.88,70.52,47.84,44.76,65.32
44.68,62.88,47.0,45.12,58.04
44.12,61.88,44.56,43.2,59.84
44.16,66.4,47.04,49.24,61.08
42.6,65.08,44.68,44.92,59.36
46.84,67.08,53.24,53.0,57.92
50.96,72.64,49.72,51.32,66.56
46.36,67.12,43.04,42.68,62.24
52.44,65.24,42.72,41.96,57.84
47.32,59.08,48.4,46.32,53.92
52.48,64.52,43.48,44.72,59.52
40.56,65.48,49.44,43.36,62.16
45.64,61.36,48.72,45.72,58.4
43.08,52.08,38.96,40.92,46.88
45.92,59.28,36.12,43.48,53.64
48.84,67.56,42.84,45.48,62.24
41.84,60.24,44.8,42.6,51.52
42.04,58.52,40.08,38.0,51.4
49.52,68.92,50.2,49.68,59.44
48.44,71.92,46.56,49.32,64.8
43.88,66.8,47.88,42.64,56.24
43.36,63.8,43.68,41.72,54.08
44.0,64.64,40.32,44.88,59.4
39.64,62.64,35.84,40.68,57.88
38.68,56.28,42.52,38.92,50.08
42.72,67.36,46.68,45.32,55.8
44.92,65.04,48.64,44.76,56.72
39.6,60.76,43.76,43.36,50.72
45.0,60.88,42.6,44.68,52.4
47.92,67.24,44.0,44.92,59.92
45.72,65.56,47.72,45.04,60.08
42.6,55.64,42.96,40.64,50.96
44.56,67.92,50.0,42.68,58.52
41.0,61.24,50.44,40.52,52.12
42.84,67.68,49.44,45.64,55.44
45.52,68.0,48.16,45.6,57.92
36.04,58.8,37.68,37.72,49.84
44.8,65.24,48.8,44.6,59.84
46.8,65.2,49.56,46.72,59.16
46.76,65.8,51.28,48.12,56.48
42.56,65.44,49.16,45.6,59.8
42.12,64.8,45.2,47.32,61.08
41.16,62.2,46.56,46.36,55.0
45.32,64.76,43.28,44.88,56.16
45.6,67.28,46.96,50.6,57.6
46.76,58.72,43.16,35.48,57.24
42.72,67.96,43.72,37.64,59.84
46.24,65.24,46.0,43.36,57.8
38.44,55.24,42.44,40.6,53.68
43.56,60.4,46.2,43.04,54.04
51.08,62.32,43.76,42.6,51.6
44.6,62.36,49.44,45.24,51.96
50.72,61.08,49.12,43.32,52.04
36.56,60.36,40.44,44.52,53.2
46.24,70.64,48.64,47.32,58.76
50.04,63.8,51.56,48.4,59.88
48.68,62.72,47.64,42.84,51.44
45.84,67.84,45.24,44.8,59.32
44.96,55.56,42.6,41.72,51.68
43.4,61.64,48.44,47.48,56.96
50.8,64.76,51.44,48.32,57.64
48.76,60.28,42.88,41.8,54.64
51.08,64.52,48.44,45.12,55.36
50.64,56.96,48.28,48.36,50.12
42.96,54.4,42.76,37.24,50.76
35.88,58.6,38.48,36.88,50.36
43.84,54.8,40.24,38.0,51.76
48.44,72.0,49.6,45.28,56.84
40.84,59.96,40.08,39.16,54.92
42.68,62.6,43.08,44.92,53.76
41.04,59.04,43.36,43.84,53.8
54.64,71.88,53.52,46.76,64.8
44.6,64.56,55.04,48.84,55.48
52.08,66.04,46.68,48.12,55.36
47.48,57.08,50.56,47.52,51.8
56.16,70.16,49.76,51.76,56.48
50.52,64.0,45.52,46.48,57.72
40.68,60.76,38.12,42.88,58.52
45.72,57.2,37.44,45.28,47.84
45.52,60.6,43.72,46.76,56.4
46.84,58.32,42.12,39.08,54.32
45.68,62.68,43.64,45.2,55.52
48.96,70.8,52.8,52.24,64.72
48.08,74.64,41.24,40.08,68.28
45.72,60.0,38.72,35.28,55.84
57.6,70.56,54.6,56.72,66.76
48.0,64.08,44.72,45.72,58.28
50.32,64.92,45.4,42.52,62.48
50.24,67.88,48.0,51.0,62.96
51.08,69.12,53.28,49.16,59.32
43.4,61.68,39.2,42.48,56.56
61.04,69.36,53.8,57.68,63.6
49.92,68.72,45.24,42.08,63.8
47.36,55.44,43.28,41.64,54.56
47.76,69.72,53.04,53.56,61.04
42.52,62.68,40.56,40.84,55.56
43.88,59.0,40.56,43.96,55.52
48.24,63.32,42.52,45.64,56.68
52.4,75.92,50.6,49.72,66.8
42.4,59.48,38.12,41.68,58.92
50.04,69.84,51.4,46.48,62.52
51.52,70.28,51.04,46.24,65.32
44.36,58.16,46.88,43.64,52.6
43.6,64.8,43.08,45.88,58.2
55.52,72.8,54.76,48.96,66.36
44.8,51.96,46.08,41.6,50.76
52.52,73.2,43.36,39.52,67.92
46.04,61.24,43.2,48.4,57.12
48.84,68.72,45.16,43.84,58.24
45.68,57.56,43.84,45.0,55.0
38.2,57.84,37.52,36.88,52.08
46.04,61.76,44.24,39.44,56.16
49.2,63.84,43.76,45.72,60.88
56.64,66.96,47.6,49.24,61.48
43.16,60.04,45.88,43.96,57.64
40.72,62.64,42.48,41.12,59.68
45.12,63.16,41.4,37.48,58.32
46.2,64.04,46.44,44.28,60.12
50.12,67.16,45.2,47.0,61.4
44.72,59.4,43.56,42.64,55.96
43.24,58.96,37.2,41.32,56.4
45.04,64.24,44.04,40.72,58.48
45.52,66.68,40.48,46.84,64.52
43.6,64.64,49.56,42.52,61.52
46.36,65.16,43.0,41.92,60.52
52.12,62.16,45.52,43.64,52.4
52.76,68.6,51.08,42.8,61.48
46.68,63.12,43.0,38.56,62.96
50.72,61.88,45.76,46.72,56.48
46.84,63.2,45.4,41.8,57.52
45.12,54.48,41.92,43.24,52.04
52.36,60.32,44.36,45.32,58.12
47.32,61.84,43.64,45.12,53.24
43.44,57.36,44.88,40.08,53.4
47.16,59.92,42.64,39.96,53.72
38.84,54.28,36.12,31.76,54.68
51.28,67.88,49.16,45.6,64.84
42.76,64.16,44.76,46.8,61.4
46.72,68.24,44.84,46.64,65.52
47.4,67.48,54.84,44.56,64.76
44.92,61.12,44.08,39.84,56.2
47.52,61.56,48.12,45.88,60.68
42.76,56.64,42.92,39.24,49.24
45.2,63.4,44.36,41.88,56.24
48.04,64.16,54.16,47.12,58.96
44.24,61.8,45.2,43.88,55.28
45.56,61.04,46.6,40.52,57.88
47.56,74.08,47.64,49.48,66.76
47.36,73.08,47.2,45.88,61.24
43.8,64.92,41.56,44.04,60.24
49.8,62.68,39.76,37.92,54.44
45.48,57.8,43.84,40.68,50.2
47.52,72.12,41.12,44.2,61.44
47.2,62.8,45.2,49.4,59.16
44.52,59.56,44.36,44.64,55.76
50.8,66.28,46.28,47.32,57.8
44.68,57.8,38.88,43.08,53.56
48.72,65.24,40.56,44.88,58.16
49.44,63.28,44.96,49.08,58.36
44.8,61.68,42.64,46.6,58.68
48.04,63.8,44.2,48.04,61.6
43.92,63.48,45.32,53.44,58.36
50.12,63.24,40.44,50.24,60.0
46.88,58.16,40.8,43.92,54.52
47.12,62.36,42.28,48.44,58.28
46.16,57.96,43.88,46.28,52.32
45.76,56.56,47.36,45.36,54.4
47.92,65.24,45.68,47.08,64.48
47.48,59.6,45.96,48.72,56.6
50.04,67.08,54.84,57.8,60.48
47.28,64.68,43.96,44.88,62.6
49.96,66.8,55.84,50.08,65.48
52.2,63.28,46.12,51.2,59.84
43.56,63.48,48.84,49.88,58.4
46.44,66.36,48.84,48.04,59.44
53.84,63.04,46.2,53.96,58.32
48.72,63.04,55.6,54.56,57.16
45.48,67.16,48.72,54.96,59.84
47.24,62.6,46.76,48.32,57.96
48.04,66.16,48.52,48.84,61.24
48.88,68.96,53.0,51.8,61.08
42.72,50.12,41.76,44.32,47.12
46.4,76.84,56.92,51.12,67.0
46.28,58.52,44.96,44.84,54.08
45.32,63.44,48.0,46.24,59.04
48.76,71.36,48.0,52.96,67.16
38.48,54.72,39.24,42.52,47.6
51.88,69.32,48.0,44.76,66.0
49.88,61.76,53.56,48.08,59.84
46.32,66.52,55.0,53.12,62.8
43.6,63.92,44.04,48.36,60.6
49.4,66.4,52.44,53.6,61.68
41.44,61.84,45.08,51.12,56.72
42.44,60.2,46.48,46.2,58.04
47.12,61.84,49.84,49.28,59.4
43.68,61.28,48.88,49.44,59.08
49.36,59.32,52.56,46.04,54.28
51.2,66.12,54.6,52.52,61.28
41.36,57.72,43.64,41.8,55.72
54.28,64.12,47.4,51.0,60.44
52.28,74.76,49.76,54.0,69.52
50.04,67.44,50.8,54.16,58.88
49.4,64.72,48.72,45.48,61.36
46.8,59.84,38.92,44.76,56.56
45.12,64.68,50.88,47.92,61.44
57.28,78.12,55.08,56.4,73.88
50.04,62.04,51.36,52.44,62.36
54.0,69.0,53.96,59.44,66.56
48.28,61.64,54.12,50.44,56.76
44.92,59.8,44.92,42.96,53.36
48.48,59.84,43.2,48.2,58.24
