1.0,1.25,1.5,1.75,2.0,2.25,2.5,2.75,3.0,4.0
300.22,290.72,321.68,292.72,306.68,286.5,288.56,306.34,292.5,295.56
314.44,310.26,330.46,309.46,307.72,298.54,296.94,303.64,314.22,306.3
309.32,305.08,309.34,306.92,310.52,304.46,306.56,312.92,307.06,306.92
308.4,304.0,321.04,307.18,319.98,306.42,304.04,311.84,318.52,313.78
317.46,295.88,317.84,316.72,314.3,310.9,305.38,309.56,309.6,318.16
307.16,304.68,327.48,317.68,320.8,306.7,311.86,320.62,307.74,310.48
310.1,313.0,328.8,316.32,314.92,305.16,301.7,315.88,306.82,310.98
314.92,305.48,326.72,321.38,315.68,315.14,313.22,311.78,311.72,316.34
319.92,308.72,336.82,313.56,319.94,307.32,298.36,319.86,328.92,318.32
319.6,308.1,327.46,327.8,315.46,307.66,305.54,322.0,313.68,320.76
314.28,313.9,316.66,318.76,317.06,316.98,315.62,314.68,320.22,309.58
323.64,314.88,331.14,327.04,311.48,309.48,312.22,315.38,317.04,316.46
315.84,311.98,321.0,315.24,327.36,306.02,308.44,320.66,313.16,323.92
316.68,311.24,332.22,315.36,322.88,313.38,306.44,317.64,326.42,319.78
315.0,311.06,320.62,324.56,330.68,321.92,316.2,332.94,328.56,313.66
321.1,315.2,339.54,326.2,323.28,319.6,315.22,323.5,330.0,328.2
324.76,317.04,325.02,317.32,327.12,310.52,311.74,328.78,330.84,328.0
320.98,317.62,340.32,326.86,320.16,313.82,314.64,322.84,340.46,330.76
319.5,317.62,324.08,333.58,332.66,320.56,318.84,329.96,328.42,338.12
323.84,312.0,340.44,319.64,318.38,319.2,316.78,322.58,334.2,316.86
316.78,321.48,331.2,328.5,330.72,314.78,327.02,332.58,333.52,326.96
324.82,320.3,339.84,328.64,332.56,318.2,336.84,329.36,344.96,317.58
331.48,327.6,336.3,328.72,334.54,318.08,323.28,339.56,337.08,334.18
328.04,323.3,340.14,340.98,345.82,324.9,326.96,326.74,343.14,328.66
324.62,320.84,342.16,332.9,332.9,321.14,341.22,342.06,342.16,326.7
324.62,322.84,330.86,346.44,333.84,322.98,338.64,335.0,338.46,334.64
349.66,328.52,345.24,348.24,340.18,326.26,327.08,337.04,358.9,344.7
331.96,324.66,334.98,336.52,344.62,332.78,325.08,336.56,363.9,341.98
348.16,339.32,336.12,338.08,350.66,328.98,346.52,344.72,358.84,339.78
332.74,333.42,351.88,331.36,336.08,336.4,329.86,352.44,355.64,341.48
331.84,336.7,333.2,357.12,351.78,328.4,346.46,353.64,393.76,353.22
337.76,334.6,355.56,349.76,346.24,345.08,331.52,346.28,360.3,353.24
343.18,338.44,368.66,350.12,357.84,337.52,327.66,364.24,344.92,350.2
359.26,342.26,367.14,353.32,365.38,346.3,341.98,358.22,382.18,348.68
346.52,351.52,365.54,358.96,371.74,352.42,351.48,361.66,363.42,336.46
348.02,355.18,363.74,343.68,375.26,338.92,355.32,370.74,379.16,348.02
357.78,339.48,372.44,350.68,361.78,348.18,359.88,370.86,380.2,357.12
357.56,362.66,358.64,373.8,355.84,348.4,352.78,361.24,355.8,356.34
357.28,357.42,377.74,376.68,380.78,347.8,381.66,365.18,376.58,361.44
363.26,356.48,372.86,373.6,358.96,352.78,358.38,368.58,373.92,363.02
363.62,354.4,376.36,376.6,360.3,357.72,350.12,366.74,377.28,359.7
364.76,353.02,395.1,392.42,382.78,366.12,379.6,370.4,385.96,363.52
367.64,371.02,391.18,378.1,399.32,364.68,359.8,387.46,379.62,376.18
374.08,362.68,382.86,384.48,377.74,368.68,353.44,395.78,378.88,386.1
370.76,366.78,397.26,400.24,372.56,371.22,360.82,381.58,388.48,376.22
362.18,372.14,391.16,409.68,385.46,375.04,370.84,387.42,398.0,369.48
383.1,388.62,393.08,382.66,368.46,381.06,373.24,385.78,394.08,375.36
391.9,376.58,402.22,409.78,360.66,366.94,393.84,383.72,391.96,382.24
377.3,372.16,384.26,386.68,391.8,396.06,365.26,387.82,417.6,398.3
368.0,381.82,423.68,394.74,373.7,377.2,374.34,386.74,415.64,374.36
386.18,376.5,403.32,401.74,404.02,386.96,405.96,410.72,391.58,387.76
368.76,387.22,396.18,374.5,364.9,381.6,370.6,408.92,412.88,367.9
379.8,399.7,421.48,388.14,388.14,378.44,378.36,387.58,387.34,386.84
377.46,384.36,406.84,432.88,410.58,384.98,392.04,393.92,426.6,388.46
400.74,405.74,421.84,424.14,402.64,375.74,395.2,391.0,402.32,385.4
415.74,385.46,426.26,401.02,377.78,376.58,400.06,387.18,431.4,369.54
402.96,389.6,416.32,413.1,414.18,395.56,407.64,407.36,412.84,394.14
372.02,388.98,427.98,411.36,418.44,394.02,379.86,414.02,390.9,381.76
417.86,410.44,419.3,420.16,394.14,386.08,409.9,418.32,433.48,381.74
418.52,394.98,435.42,442.88,407.8,415.18,376.52,394.98,435.9,394.4
382.7,414.16,425.58,418.9,398.98,382.4,384.74,388.06,422.18,397.98
399.38,385.7,441.3,445.7,409.22,381.7,405.18,417.12,434.86,400.66
395.96,429.52,429.2,404.84,415.12,389.98,419.04,419.14,402.4,400.46
403.7,403.96,444.12,420.3,447.86,424.56,403.74,414.78,437.5,401.18
404.24,420.36,435.4,430.02,422.08,397.0,379.98,403.84,435.78,396.12
411.64,465.5,439.78,419.04,422.32,395.52,451.04,405.2,451.78,381.18
410.12,414.12,453.24,406.7,429.8,373.3,385.26,412.36,408.04,389.38
401.1,401.04,439.14,407.0,427.5,384.22,427.78,452.0,414.42,413.0
408.6,435.48,427.12,422.7,456.82,380.56,393.94,434.68,417.14,422.64
396.72,407.84,453.76,433.8,438.14,394.36,411.94,398.1,457.88,412.3
436.42,435.04,440.06,418.9,429.52,389.92,434.1,451.32,455.0,421.82
386.34,407.42,432.38,442.66,409.86,394.96,434.46,432.54,408.46,410.1
413.44,416.42,423.1,431.52,459.88,392.94,388.8,426.64,422.32,405.06
392.02,417.68,443.02,443.82,455.72,388.96,415.3,444.14,432.2,413.22
403.42,451.34,447.24,446.64,443.2,396.64,425.12,448.1,420.6,433.84
412.02,444.98,436.06,459.06,446.06,391.72,426.96,465.02,440.94,432.4
431.42,441.46,491.76,432.94,440.82,397.9,423.94,458.44,443.5,399.78
432.64,423.14,467.26,446.58,451.3,410.34,430.1,457.3,448.18,406.1
412.84,421.38,457.18,428.14,438.3,396.38,426.94,462.76,437.52,422.4
414.22,432.9,462.14,414.16,450.06,404.62,417.72,426.34,464.0,436.2
447.84,434.14,445.68,472.78,454.72,417.58,439.9,424.04,475.24,405.56
406.34,461.04,468.24,466.14,450.36,415.34,402.4,469.34,450.32,416.36
398.7,427.42,428.06,455.68,503.3,397.82,429.64,417.42,473.0,411.36
428.68,447.6,492.1,459.4,493.72,412.92,425.82,447.38,447.26,411.14
432.84,429.46,474.04,454.84,458.48,403.04,432.9,451.02,449.68,415.42
415.22,433.0,449.86,478.66,443.78,410.72,415.12,483.68,411.18,449.26
439.52,459.46,437.24,449.4,450.82,398.12,422.16,474.82,466.3,418.82
420.04,429.7,452.66,457.3,452.38,422.54,421.26,479.5,431.36,423.08
418.4,429.5,450.14,460.4,418.88,386.82,435.82,452.2,439.6,426.2
422.68,442.24,471.12,438.18,456.48,417.04,435.7,474.42,444.76,445.14
447.54,464.84,470.58,448.08,477.7,410.94,437.78,459.98,443.34,462.18
446.06,459.5,459.6,457.58,465.2,404.0,431.5,463.28,430.58,437.74
421.3,443.14,485.86,455.78,485.54,435.6,448.42,466.74,463.18,436.48
392.96,448.0,477.42,438.3,475.16,427.84,425.92,469.34,456.46,427.4
399.26,478.42,511.16,460.82,490.72,414.74,469.64,482.78,455.32,431.66
431.82,474.48,453.06,494.06,443.38,403.56,468.9,488.26,435.42,482.8
452.02,484.18,478.56,456.48,454.14,421.4,460.24,517.2,476.14,452.6
443.42,460.16,502.36,476.02,470.82,450.84,439.02,478.3,472.04,455.02
437.74,457.7,473.92,475.94,500.7,436.4,455.14,506.28,504.68,424.94
444.74,470.0,489.74,470.84,453.54,420.18,475.22,510.26,472.14,442.64
443.76,459.1,469.5,464.92,486.74,420.22,443.16,487.92,460.98,431.62
425.94,466.26,487.28,485.94,422.74,402.4,414.76,445.62,470.08,461.8
463.16,450.84,508.3,494.94,460.36,401.38,468.8,462.44,498.56,446.34
450.54,470.72,433.1,461.04,469.14,411.58,461.48,455.14,476.34,440.54
454.7,499.76,485.64,484.68,451.1,424.5,471.48,444.8,488.98,433.38
446.72,437.24,545.7,483.08,471.32,408.54,432.02,485.98,434.76,456.14
447.2,472.06,510.14,501.54,486.02,435.64,455.68,429.88,486.14,483.1
418.78,471.98,468.66,491.32,470.44,431.74,447.66,445.3,499.22,434.44
455.48,470.08,492.42,497.6,435.22,423.14,452.64,477.52,461.26,456.98
425.36,503.54,475.6,477.16,463.62,432.74,459.54,558.32,473.74,476.1
436.2,542.68,508.72,483.3,504.0,424.44,486.98,464.56,449.66,471.58
452.44,461.28,524.96,471.66,501.88,447.06,445.56,496.56,498.74,471.6
478.46,492.78,457.26,490.88,491.68,442.36,462.94,479.08,508.1,439.2
437.06,458.3,496.44,477.74,489.22,421.9,467.78,467.0,469.44,448.84
435.6,464.38,515.42,541.42,477.56,465.64,464.14,461.98,497.56,473.78
428.3,463.52,502.2,520.2,497.72,436.14,457.4,483.48,477.04,450.96
417.8,471.48,514.04,466.62,515.6,487.72,454.74,506.36,440.34,464.86
468.8,447.62,519.02,479.26,511.22,423.88,483.3,509.42,455.66,457.5
472.32,491.24,494.9,494.22,466.42,435.48,462.52,485.98,479.92,446.72
476.7,497.84,510.94,445.4,491.12,447.54,493.94,484.84,492.7,464.46
452.16,491.28,510.68,483.16,469.1,430.64,473.28,465.5,505.4,447.82
440.64,491.62,498.96,498.68,480.2,424.68,454.7,461.58,499.5,469.74
472.68,504.32,529.08,498.8,476.02,456.34,455.02,522.48,504.74,476.64
476.04,472.92,494.18,509.82,480.52,437.68,461.7,506.08,483.92,447.28
480.32,472.36,516.92,494.52,508.8,435.54,475.02,523.92,527.4,490.4
455.52,500.52,481.92,491.74,511.72,449.04,471.28,443.3,524.82,462.5
445.52,493.2,527.56,496.96,518.74,464.38,468.72,467.84,493.62,470.32
476.08,487.96,461.16,519.2,481.46,460.96,463.76,478.92,494.58,506.38
480.82,529.72,494.88,539.76,501.94,447.14,486.76,519.2,499.4,439.84
462.9,468.98,506.62,494.78,536.52,436.18,490.94,514.54,510.86,489.42
463.16,508.92,517.48,512.76,492.98,439.28,491.02,480.2,484.16,470.1
440.58,481.36,507.24,508.18,498.32,456.24,449.92,511.8,496.48,455.16
478.12,506.16,497.14,523.7,501.2,471.1,434.24,492.56,516.76,453.28
461.02,513.68,492.2,500.84,511.6,476.64,482.36,531.48,500.0,511.62
492.84,480.72,530.64,485.98,518.94,440.84,479.46,501.1,501.88,486.56
463.9,474.5,497.36,532.94,532.04,442.36,489.46,523.54,520.86,466.3
482.8,485.22,483.12,499.38,488.74,467.14,499.6,488.94,543.62,467.0
467.9,496.8,497.0,538.76,541.02,459.8,447.02,517.4,473.56,481.68
468.22,524.26,513.82,485.42,488.36,499.62,474.4,507.78,495.7,508.54
488.08,581.9,519.7,514.66,512.92,453.16,460.7,515.68,495.8,448.24
476.04,512.06,557.1,469.18,492.44,489.42,449.82,541.98,502.18,506.32
461.18,531.62,539.06,526.0,471.96,475.72,472.98,525.82,482.54,478.92
476.08,515.16,532.58,515.4,493.14,477.16,481.28,531.24,516.08,451.42
493.28,551.1,507.22,489.84,496.98,481.26,473.6,512.38,532.82,466.86
480.98,520.34,499.14,505.56,540.92,488.88,473.52,520.84,520.42,454.98
490.32,488.52,552.86,497.2,530.84,444.36,471.96,481.3,546.42,486.82
444.6,511.04,491.96,469.86,486.88,475.2,469.86,481.46,503.88,471.78
510.44,539.66,528.54,477.68,518.38,438.86,474.38,507.2,513.1,456.32
468.6,503.96,592.82,528.56,524.2,460.16,494.08,494.22,504.56,462.72
466.92,523.42,527.24,513.54,498.18,505.48,493.74,550.86,499.82,435.9
492.88,484.62,546.62,564.52,495.04,467.58,507.82,489.64,565.66,514.02
498.16,508.46,559.54,487.16,508.76,479.02,474.32,523.72,511.1,488.2
516.06,499.22,535.08,506.44,538.8,478.26,448.58,563.74,530.12,483.28
471.06,552.46,528.48,518.6,507.08,488.88,491.9,521.4,497.26,516.86
500.88,539.14,531.24,470.14,479.32,520.04,509.72,479.1,508.94,466.06
456.56,513.7,543.52,486.28,469.46,476.0,493.12,516.46,553.82,514.46
485.2,504.02,518.42,529.68,526.78,474.14,531.8,536.68,531.56,486.06
488.58,504.02,532.04,505.62,526.42,515.22,463.1,506.32,522.28,495.1
514.48,504.5,512.38,542.0,522.88,453.14,478.34,531.9,538.26,500.82
502.66,535.64,549.48,532.76,531.2,445.12,501.48,548.46,504.92,492.52
472.64,538.24,547.7,511.46,538.02,474.06,525.24,502.06,510.5,485.66
525.48,503.68,504.64,539.7,520.28,480.72,479.4,509.54,533.06,498.88
526.54,547.28,564.56,528.2,519.32,485.8,492.8,485.76,529.44,469.44
506.42,543.84,540.52,522.86,495.56,460.64,493.62,482.98,540.88,507.04
500.84,512.82,494.58,521.76,538.18,490.16,503.04,494.12,535.66,471.78
483.46,532.04,554.34,495.78,518.82,436.64,516.8,491.06,500.86,484.54
506.28,507.88,534.84,531.62,504.12,495.22,473.1,508.62,513.2,473.18
489.72,551.2,538.68,542.66,548.9,466.88,504.14,501.5,550.56,496.74
462.1,499.88,528.46,535.6,517.1,473.14,509.82,535.18,525.0,477.52
486.4,533.32,566.46,481.54,530.82,495.86,472.58,554.68,519.46,527.3
520.64,551.38,550.26,522.88,538.98,467.36,470.7,504.1,503.94,453.34
483.2,517.58,569.66,581.66,484.52,506.82,530.52,558.36,539.88,504.38
492.12,550.54,525.04,543.5,545.58,464.26,505.86,501.38,554.84,478.52
488.5,494.36,564.68,561.6,530.12,497.4,515.48,488.1,515.2,491.16
507.82,542.52,557.86,505.06,569.12,525.1,501.02,529.44,499.28,508.78
489.14,495.5,564.36,503.08,502.38,508.06,512.04,546.2,542.46,492.42
544.32,553.26,501.16,521.94,552.18,520.9,537.18,556.84,526.08,508.08
474.1,495.02,519.68,544.38,506.04,444.76,535.64,540.34,521.36,531.2
475.04,566.52,596.3,521.08,563.44,494.16,452.42,527.58,536.84,517.36
490.7,519.46,517.84,557.54,572.48,500.84,500.36,519.76,522.28,512.9
521.1,512.98,527.92,566.24,514.58,497.6,448.94,503.5,507.42,513.9
520.28,504.92,553.84,509.22,517.58,515.96,493.82,498.76,507.14,480.3
495.42,538.48,509.94,552.76,548.84,478.84,512.8,531.3,530.18,519.22
486.68,477.02,551.04,524.66,533.7,483.74,506.78,535.68,525.8,492.42
515.6,558.36,496.88,540.26,490.3,479.42,501.02,489.48,508.62,495.26
511.64,513.66,517.58,552.76,605.18,491.5,522.04,512.58,505.96,535.58
481.3,517.26,538.7,532.58,526.2,476.2,532.56,526.48,537.42,549.58
497.06,552.72,541.12,524.46,532.52,501.92,508.38,559.7,540.82,475.5
503.4,524.34,573.04,534.02,513.38,498.36,543.36,520.9,539.78,553.24
490.1,475.34,565.32,492.12,574.24,522.88,513.84,566.3,552.8,524.04
535.96,573.38,528.32,516.3,538.12,481.1,469.9,510.6,539.48,498.3
524.98,551.88,546.44,530.2,548.4,494.98,523.66,547.98,586.82,512.14
512.22,513.68,571.58,486.96,572.8,483.46,474.82,543.24,497.26,486.0
522.62,552.02,571.0,522.72,542.14,492.84,503.1,519.24,543.32,504.52
532.82,501.1,564.44,543.24,539.5,483.32,503.6,550.34,567.54,508.48
489.5,520.68,562.84,537.74,556.32,498.5,550.18,513.6,519.24,520.82
496.46,553.24,516.84,510.56,503.86,479.7,550.74,496.68,518.3,463.4
492.36,464.52,527.86,572.68,553.18,518.5,534.8,509.84,549.04,486.74
535.52,509.98,556.22,547.48,573.6,479.14,515.82,547.94,600.06,483.7
525.3,517.66,516.04,542.08,540.12,470.32,522.02,497.2,565.22,525.38
489.84,537.78,547.72,541.72,515.8,516.3,504.02,539.0,511.7,508.88
496.7,540.48,538.28,525.8,528.72,479.48,500.98,533.08,494.16,495.9
532.82,540.66,567.1,541.48,528.2,506.14,531.84,524.92,511.52,488.92
513.32,615.12,551.84,573.08,541.26,504.62,518.46,513.06,502.54,530.12
527.04,540.5,500.22,536.88,548.34,505.44,480.98,511.16,544.94,476.8
509.82,556.56,532.42,570.02,524.36,504.0,496.12,513.0,480.52,510.98
520.9,539.96,550.58,507.82,572.34,486.96,510.18,549.38,505.74,533.28
468.36,548.92,522.86,524.8,506.76,501.42,573.06,487.1,539.98,521.92
495.42,526.24,611.38,536.78,525.82,512.0,523.28,539.06,564.86,529.32
528.32,525.96,571.36,575.68,570.96,497.26,506.02,578.62,541.12,506.94
490.8,566.04,547.52,501.28,536.78,481.7,557.7,508.9,547.44,515.92
503.44,528.72,541.78,528.76,592.94,492.14,511.76,494.3,609.4,490.02
502.64,557.54,526.84,521.24,541.56,497.16,502.08,580.38,565.82,515.72
550.54,548.58,531.54,553.38,520.42,511.0,516.94,571.68,546.08,507.94
549.38,530.4,593.82,531.42,577.1,510.04,512.08,555.52,554.12,527.54
516.86,522.18,522.44,553.86,501.62,489.48,537.84,579.9,530.72,515.56
501.38,612.2,532.96,555.18,564.18,513.02,471.02,522.58,546.72,533.12
479.78,622.66,570.74,559.0,521.48,511.66,516.98,535.72,518.7,537.42
548.76,519.56,562.16,519.38,538.76,490.04,521.36,522.32,509.72,478.36
496.66,511.02,588.54,534.8,508.1,469.12,541.66,502.9,513.98,519.06
531.96,546.72,544.7,566.48,514.98,490.66,567.4,559.42,527.66,514.36
516.88,573.26,517.46,539.04,552.7,483.4,520.9,560.44,548.84,523.26
505.28,578.5,552.54,574.12,581.46,524.0,506.64,504.22,538.88,514.86
527.4,575.0,572.04,549.8,561.08,530.1,503.84,543.2,534.28,536.82
527.4,575.92,575.56,564.92,506.92,527.22,512.34,578.3,537.44,539.76
532.8,554.14,526.26,578.44,499.12,507.84,539.82,513.62,549.7,549.48
527.66,515.08,560.14,498.4,540.94,509.84,523.84,542.2,533.8,523.34
510.0,534.16,604.68,538.32,598.86,508.9,495.94,537.52,540.38,550.4
508.92,519.22,562.8,582.32,539.2,511.36,489.28,530.54,557.56,517.92
540.14,538.36,549.6,546.1,597.36,520.02,569.6,533.96,576.42,507.02
517.2,515.74,563.34,520.54,580.82,492.4,533.44,481.0,560.56,547.82
534.56,542.18,563.14,555.3,558.02,554.82,481.76,536.14,549.84,547.62
517.86,522.32,516.24,552.34,555.46,526.48,537.3,529.26,535.58,549.32
539.2,587.82,566.96,576.16,585.94,524.02,551.14,572.94,496.7,522.06
527.36,526.82,551.64,540.96,547.64,499.7,549.14,546.06,536.44,501.58
520.68,514.52,560.14,583.08,566.34,523.26,496.86,534.4,579.42,551.34
482.8,597.68,573.06,541.52,522.14,514.3,532.32,579.48,506.04,536.4
521.02,608.06,508.3,584.52,551.52,487.38,506.54,533.96,511.82,480.36
498.68,575.46,574.16,558.58,574.1,508.18,518.98,558.16,555.82,531.56
493.06,571.28,588.62,514.0,562.68,513.32,555.36,515.48,554.84,544.38
531.8,593.64,577.64,550.26,521.56,487.32,495.54,595.12,555.7,520.48
512.58,551.28,588.62,546.26,569.9,525.82,523.12,541.9,554.82,526.64
526.2,554.82,570.64,561.4,521.14,535.48,549.08,528.18,498.6,488.26
506.94,560.16,526.72,572.98,561.02,527.48,542.84,583.34,565.96,553.56
503.68,611.48,523.22,539.98,531.76,538.74,566.16,536.4,547.88,503.68
565.8,582.5,558.1,538.96,535.84,532.4,496.16,571.56,568.24,526.74
513.68,577.1,602.04,581.98,564.2,573.06,526.88,563.44,556.44,519.12
532.56,614.42,580.48,561.92,537.12,521.86,483.52,560.3,575.48,512.32
546.5,558.78,593.04,551.38,528.32,553.86,522.5,552.68,556.3,538.62
544.26,576.22,595.8,519.66,545.8,505.3,554.8,533.48,566.9,480.9
533.34,567.22,579.1,555.02,526.88,509.52,542.48,551.04,593.74,514.06
504.1,537.12,546.84,573.2,537.8,501.74,530.8,510.24,558.74,523.14
558.58,541.48,518.54,494.44,580.48,498.02,570.56,585.46,580.94,537.92
537.1,497.64,538.52,536.62,577.66,494.32,475.3,593.92,505.94,520.82
527.34,556.14,555.62,517.84,539.68,499.12,505.62,557.24,559.98,576.72
531.32,541.26,572.22,510.98,513.94,494.68,476.66,542.72,604.2,513.58
512.86,573.78,559.0,546.56,530.94,514.26,556.52,580.48,577.56,540.54
562.64,528.78,549.6,571.0,545.74,544.7,522.76,556.96,568.8,516.48
526.04,554.9,549.64,540.5,573.26,510.9,538.96,576.92,508.38,490.9
483.38,550.1,586.3,577.02,580.2,504.58,512.4,548.04,539.24,589.88
506.6,619.3,578.98,551.92,568.24,508.02,523.6,580.58,542.5,581.88
502.28,553.68,538.18,549.14,533.64,550.98,565.56,543.38,549.62,509.58
529.88,589.48,591.08,517.6,545.44,489.24,530.64,575.52,569.82,536.62
527.54,543.54,550.6,512.62,545.48,532.4,456.36,575.92,560.64,537.48
534.48,541.3,549.76,519.54,560.44,578.34,523.92,580.7,540.02,496.72
549.64,541.18,577.46,569.08,594.6,513.68,510.16,528.08,521.28,564.26
558.14,552.5,547.92,537.6,529.58,544.16,486.6,547.38,557.74,490.38
514.96,594.12,644.46,566.7,580.64,487.02,485.9,575.34,606.84,562.6
520.5,547.2,550.06,563.82,557.8,549.84,457.82,566.02,584.14,523.4
501.1,574.44,540.76,561.26,563.16,542.06,433.0,576.88,537.18,561.78
520.18,566.3,605.06,513.02,552.64,536.84,497.56,590.64,576.8,547.12
525.24,570.76,558.88,545.34,607.48,501.18,523.62,540.62,622.32,570.02
522.06,527.22,578.36,553.86,518.38,597.84,501.44,499.9,537.96,512.56
514.04,524.2,569.66,512.24,550.02,544.24,535.06,525.86,553.66,556.3
527.32,523.26,557.18,551.4,533.1,514.1,514.9,542.24,576.22,601.92
496.88,526.64,580.94,506.7,512.3,504.66,535.58,569.42,581.1,537.0
512.38,576.32,547.22,543.28,558.9,530.7,498.36,573.5,572.98,491.3
519.1,569.92,563.86,576.84,521.88,514.48,552.42,508.84,559.64,532.92
549.2,579.5,565.7,564.42,548.1,535.12,542.22,553.72,530.56,520.12
543.14,549.66,564.34,551.8,528.94,538.94,550.7,561.06,581.3,616.12
499.92,553.52,543.24,525.94,565.36,557.7,521.18,530.12,559.64,572.64
511.58,532.12,592.52,514.14,574.46,494.98,512.36,562.18,608.62,543.86
504.94,596.32,598.42,578.68,598.22,569.08,481.52,586.96,552.24,568.1
512.76,562.82,581.7,512.34,557.72,568.28,522.64,589.94,559.4,574.96
542.38,538.32,592.58,510.5,531.88,530.04,572.7,525.6,541.3,552.1
567.2,566.9,601.48,568.48,543.96,546.66,555.52,545.74,556.64,566.1
575.46,555.98,533.7,524.06,572.78,549.46,529.0,550.8,580.92,516.46
587.82,604.76,612.34,554.82,605.36,557.04,565.6,566.14,536.5,567.78
516.36,606.34,580.96,559.72,538.22,561.26,530.3,606.08,578.68,564.32
526.88,558.02,561.98,531.3,575.5,527.76,526.66,579.14,564.02,514.18
522.3,579.1,589.94,493.7,499.44,563.82,519.4,549.2,534.84,533.84
540.06,652.38,564.0,562.92,533.38,539.72,555.56,589.74,544.74,565.34
540.32,536.06,543.86,574.18,512.02,503.66,543.74,547.54,605.14,567.36
591.96,545.72,588.44,549.3,549.5,508.94,548.88,603.24,568.12,558.76
519.68,567.08,542.22,520.32,545.92,540.06,569.24,591.92,566.62,569.04
584.78,607.9,631.12,568.14,546.6,547.3,552.9,550.54,528.54,544.6
561.1,549.76,571.44,546.48,532.42,548.08,582.9,613.92,551.2,600.78
544.76,584.38,596.92,529.24,583.28,518.92,555.28,581.46,556.2,563.9
510.78,558.58,579.56,521.44,553.22,542.44,550.62,597.64,562.72,543.3
555.92,523.72,564.88,566.26,511.82,556.06,560.82,552.66,558.44,567.0
527.24,553.74,602.52,535.64,572.58,547.38,551.22,546.28,573.38,540.3
544.3,562.18,633.44,548.2,552.92,576.54,523.72,558.94,541.42,570.08
534.7,545.46,657.64,543.98,581.84,510.24,561.2,561.82,523.46,522.02
537.28,564.34,611.0,533.6,506.74,537.6,523.14,567.96,557.34,579.54
550.08,612.22,583.66,534.28,596.9,543.0,597.16,534.14,553.56,555.66
536.78,568.52,555.46,542.38,553.64,514.04,533.0,526.26,577.38,527.66
545.02,570.98,579.22,551.28,598.36,576.52,533.24,596.6,565.22,530.54
516.76,554.22,553.74,545.46,585.16,541.26,540.02,605.44,563.92,468.56
501.14,594.1,607.58,543.12,536.32,527.86,563.86,558.4,521.98,529.22
598.96,570.78,565.16,548.06,622.24,554.5,542.12,604.5,553.78,567.24
550.84,566.9,584.92,555.52,573.6,566.46,557.44,570.38,561.94,533.5
552.0,588.1,546.66,556.32,538.26,598.66,545.36,543.94,575.88,540.46
540.56,584.54,654.14,589.68,579.14,525.1,561.38,576.16,537.96,546.1
549.66,598.9,555.24,567.8,529.44,530.46,548.8,573.02,539.3,489.62
520.32,537.14,586.64,541.5,586.14,509.62,546.6,560.94,561.68,532.02
556.2,566.68,546.82,566.94,575.32,512.28,565.64,547.26,564.44,525.56
550.72,583.86,634.98,570.12,617.76,525.5,536.5,526.3,528.62,535.9
496.06,556.72,594.22,591.34,545.78,552.56,627.66,567.06,555.08,596.42
587.62,617.46,579.62,525.16,544.18,569.24,517.78,519.76,584.92,513.9
537.66,613.32,600.64,536.7,571.7,515.32,564.8,595.68,591.3,559.58
532.22,587.12,603.0,568.16,588.7,511.6,625.6,599.76,579.52,539.06
561.22,598.08,579.38,516.44,572.74,521.58,547.48,567.88,602.02,501.2
583.48,543.68,589.12,534.34,586.34,506.08,524.06,557.04,592.82,546.36
601.3,576.24,549.32,598.98,581.8,555.72,524.94,566.02,586.4,587.56
529.26,559.72,582.52,532.66,608.52,522.56,537.12,567.3,584.2,573.36
556.32,537.98,553.3,548.18,559.12,593.58,562.7,524.78,555.32,583.44
511.3,532.06,548.18,522.26,562.0,544.04,555.94,525.24,588.14,604.96
548.32,573.94,593.02,524.74,564.34,561.42,503.28,580.4,601.64,531.42
581.6,580.38,581.1,518.78,602.2,528.24,588.92,573.26,584.16,611.06
571.3,576.94,539.46,556.28,578.4,535.3,489.92,588.0,600.14,559.06
516.58,622.08,579.86,551.74,573.72,553.38,575.7,574.2,613.62,519.72
530.46,572.94,553.86,565.3,547.74,516.06,556.92,557.68,601.94,552.98
557.48,627.64,611.78,547.68,622.78,538.92,562.56,556.86,577.54,552.34
546.96,641.3,549.76,570.48,560.52,542.12,517.54,612.78,577.26,541.42
539.92,564.66,604.54,551.4,553.6,502.04,542.76,532.92,581.3,550.4
572.06,553.88,558.82,564.92,591.92,551.48,564.82,542.44,625.52,551.16
570.8,588.18,561.18,561.38,510.9,580.34,575.1,587.78,621.84,514.84
606.56,567.98,598.26,564.26,542.88,553.48,509.22,576.32,547.68,554.72
608.66,567.22,570.86,573.68,605.5,575.0,582.08,623.94,577.16,565.16
542.64,548.64,564.44,550.46,500.02,569.06,537.4,613.6,563.68,544.58
543.44,556.12,581.74,562.34,536.12,596.32,625.94,606.32,588.32,576.6
553.98,546.28,589.9,542.4,593.28,536.08,554.16,611.84,605.76,543.2
593.38,562.96,610.76,526.48,600.54,564.86,529.14,578.8,633.24,575.5
523.42,598.6,573.88,571.78,570.16,571.84,510.02,564.76,561.22,576.46
560.08,521.92,570.8,568.0,579.64,554.1,537.18,582.5,610.38,590.94
539.48,623.88,536.32,562.22,539.04,562.24,541.04,532.54,563.08,522.98
532.56,565.0,566.84,565.18,555.42,536.54,521.88,614.32,559.96,565.62
566.04,590.86,587.48,578.28,540.26,549.8,577.28,557.22,646.48,555.24
572.18,530.9,592.34,510.98,562.68,559.46,556.82,590.4,567.4,573.34
572.08,581.7,564.02,591.8,557.04,577.56,592.14,552.78,597.8,539.08
629.34,556.34,626.24,529.94,561.5,539.48,558.86,575.66,568.12,533.76
508.96,582.44,576.44,530.48,522.42,567.6,529.58,597.9,530.26,570.74
540.02,596.34,535.26,598.74,571.68,526.84,554.02,583.6,569.86,607.3
590.1,632.78,606.8,557.54,540.12,579.0,574.66,583.08,573.0,545.92
543.5,595.14,563.78,567.72,612.26,589.92,646.22,547.02,596.52,536.46
537.32,601.3,598.52,560.6,556.9,528.38,551.08,586.92,578.34,571.68
554.76,570.88,574.7,515.22,604.04,565.98,560.54,567.56,574.56,572.36
572.6,565.52,545.0,582.96,569.22,552.62,528.24,588.3,573.56,546.46
573.32,583.6,578.32,546.1,620.42,555.74,516.54,542.46,605.06,562.06
561.62,534.38,581.14,547.34,532.8,533.36,555.88,580.42,566.74,552.38
561.8,634.48,610.08,580.44,560.6,536.3,563.96,581.78,635.1,564.28
586.18,571.66,567.02,547.74,560.32,520.26,581.64,588.36,597.12,592.0
518.46,536.48,576.42,541.76,524.52,546.96,586.5,614.46,610.56,579.04
593.24,566.44,551.22,551.38,581.84,549.5,595.06,580.16,556.92,584.92
522.98,600.22,561.66,593.28,554.86,539.68,593.92,565.38,584.34,555.74
570.2,603.46,558.92,553.7,560.34,596.52,557.06,602.34,545.7,604.7
586.84,602.32,580.26,589.68,606.58,538.02,545.98,606.48,528.2,569.5
518.32,602.62,543.5,563.24,553.5,546.94,566.76,527.42,607.64,535.2
572.26,611.32,599.8,584.36,561.7,522.76,595.62,604.94,569.58,529.34
555.18,573.24,529.04,506.4,576.38,556.5,567.98,623.86,555.12,550.86
583.36,567.42,595.52,587.8,539.62,547.96,542.6,555.64,572.72,513.44
557.2,583.52,535.58,538.46,542.78,552.96,555.12,613.58,561.04,592.76
562.78,627.14,569.48,581.2,558.6,546.08,516.82,577.56,580.7,556.94
566.42,569.52,528.0,552.26,528.86,528.5,547.42,494.6,602.98,621.82
538.74,572.04,588.84,620.76,567.6,554.3,552.1,565.62,573.2,572.78
566.66,530.56,576.64,577.28,555.26,553.28,594.92,540.5,640.98,593.88
550.84,568.46,538.48,568.84,559.58,486.42,597.98,558.2,600.56,575.82
576.56,610.08,524.54,575.52,573.8,562.02,522.36,591.68,577.2,574.22
547.76,604.42,592.32,526.48,584.08,564.78,580.92,571.66,548.92,639.92
538.48,584.26,575.54,544.44,568.42,559.74,530.1,630.94,556.32,536.24
564.8,583.88,570.28,525.1,535.58,507.9,557.16,581.52,567.3,520.42
613.72,562.66,611.72,569.94,609.28,539.9,608.8,510.02,589.28,588.72
565.56,557.7,611.0,541.88,576.32,509.14,565.64,626.46,533.42,572.66
557.14,587.54,548.78,605.9,571.34,521.64,589.76,607.04,606.96,553.48
599.28,526.26,587.02,562.6,538.74,528.32,529.1,579.7,606.4,544.32
580.52,574.98,569.68,600.84,578.68,538.76,583.46,554.94,580.94,598.88
600.76,589.46,603.7,593.8,574.8,529.3,541.24,547.04,607.68,571.04
570.08,635.86,569.66,560.28,543.54,492.36,582.18,573.34,653.2,579.32
605.0,563.92,614.26,556.16,539.02,521.78,593.12,578.14,579.68,548.88
583.8,551.18,547.48,565.14,522.84,551.54,510.0,593.9,624.54,619.0
531.34,653.24,553.56,570.32,549.82,569.86,593.54,549.46,589.62,560.12
565.28,546.52,565.62,588.7,539.3,565.44,532.22,565.0,586.28,552.18
563.22,586.74,531.74,562.82,589.4,508.08,573.88,593.42,616.62,575.56
577.12,584.98,547.22,557.9,532.08,536.56,608.84,574.36,607.58,616.52
594.98,599.74,569.72,524.74,571.78,570.36,553.08,575.96,504.88,602.72
568.66,581.92,586.72,567.06,581.58,527.28,585.2,599.1,561.18,616.54
559.42,556.16,588.22,598.84,561.74,544.24,583.8,597.46,609.4,589.96
554.98,591.44,572.72,563.8,582.16,570.64,591.58,538.5,613.04,509.9
567.88,610.62,605.26,550.9,596.24,564.12,520.04,628.74,583.44,550.74
600.06,606.48,565.68,556.08,618.76,575.28,581.28,618.76,577.14,624.16
546.12,580.44,589.26,567.58,600.0,554.18,537.06,560.96,619.68,547.24
619.04,587.32,578.4,596.52,561.76,563.88,524.42,582.76,639.86,585.94
572.3,606.1,569.78,552.08,538.66,553.18,573.28,530.36,544.36,608.22
566.32,602.92,563.66,610.12,577.48,558.7,578.66,616.26,586.12,613.3
527.0,572.22,570.72,567.18,541.46,553.54,510.14,602.76,623.12,602.28
534.48,586.26,562.96,607.44,592.24,545.12,557.84,598.4,601.52,585.46
613.22,622.64,604.68,608.66,594.18,557.78,509.4,591.9,563.0,575.48
558.32,604.04,588.2,556.38,599.36,508.44,621.32,548.08,578.24,579.06
546.82,561.52,554.02,563.94,579.68,535.52,532.5,599.22,569.94,597.94
572.98,604.32,589.22,616.4,601.86,498.86,531.0,608.88,568.0,598.7
572.18,572.46,573.24,547.7,539.84,565.52,585.24,581.72,617.96,618.9
559.74,503.56,597.38,616.38,579.06,529.2,545.16,574.58,631.6,610.0
587.3,574.12,592.06,556.12,559.78,567.74,562.74,563.5,620.76,534.2
538.18,582.36,584.86,541.26,549.24,578.5,591.84,570.06,607.9,573.88
569.48,576.5,622.16,590.2,528.1,559.94,607.98,568.12,571.8,616.56
556.54,556.28,563.6,608.7,619.64,501.26,553.38,563.9,568.58,592.0
527.46,610.48,557.24,590.28,551.52,530.02,579.3,595.68,630.82,569.94
543.94,620.78,574.64,588.08,543.76,562.42,588.98,589.0,587.38,547.4
552.1,629.76,562.2,546.44,554.52,565.82,565.28,591.28,612.0,579.82
561.8,573.98,573.92,611.58,556.36,568.98,571.14,577.32,562.34,603.44
578.18,562.76,625.12,561.66,560.18,563.16,577.64,626.5,596.92,560.36
547.92,627.2,564.3,619.86,542.36,582.28,573.08,635.98,538.06,587.46
564.44,600.9,591.1,572.78,572.94,603.2,550.12,590.22,623.34,515.76
566.24,599.18,562.2,557.22,530.92,566.38,561.84,601.26,583.28,594.32
568.82,577.44,563.66,567.58,585.64,480.52,583.26,614.04,620.92,539.44
563.16,580.56,635.46,585.0,570.64,544.86,545.68,575.66,608.18,561.3
584.08,607.1,588.18,611.42,553.78,575.32,594.8,601.06,606.92,566.06
575.16,588.68,590.46,613.82,566.22,574.92,612.4,579.14,596.34,573.44
551.14,594.9,603.14,556.66,565.32,595.16,550.24,626.62,609.98,568.74
579.24,578.56,586.48,538.66,563.98,499.56,588.02,584.64,535.36,618.5
585.68,577.42,610.46,593.56,566.2,537.08,547.8,560.5,534.9,537.5
567.38,620.22,580.38,558.38,550.72,527.88,577.78,548.78,609.98,609.02
584.56,550.36,598.1,539.98,536.32,548.24,559.62,551.94,566.52,527.64
563.64,634.98,547.46,590.34,535.1,537.86,516.5,578.18,603.8,624.18
523.78,582.52,588.86,562.36,580.5,562.92,601.32,591.12,558.54,593.98
577.2,642.7,575.1,557.62,577.62,612.06,556.04,564.06,660.86,512.08
562.84,604.6,556.66,583.86,595.4,536.1,544.5,607.08,654.54,606.62
567.98,595.88,568.92,560.02,601.88,610.72,542.5,594.08,637.72,631.22
569.2,628.54,586.46,639.2,552.48,570.82,542.22,639.68,612.82,587.48
587.82,578.16,550.7,560.9,528.0,526.64,532.38,554.58,616.7,564.56
578.02,597.44,595.28,578.42,583.2,501.16,561.6,567.98,642.22,566.06
606.98,572.64,612.56,606.76,547.6,570.04,568.18,574.42,573.82,618.58
537.92,638.96,635.74,609.44,515.46,510.18,576.16,607.28,592.88,563.5
591.5,595.26,597.3,626.42,645.78,552.08,569.5,593.94,591.9,572.26
499.2,624.36,588.96,594.84,570.9,532.2,563.48,625.86,579.18,593.52
575.16,575.06,610.34,578.58,596.58,540.62,591.22,586.5,580.08,576.46
542.34,609.96,603.94,566.66,547.0,534.5,587.2,562.26,587.68,559.46
569.6,556.98,601.82,539.44,571.22,544.54,550.36,538.1,609.26,588.46
635.96,575.1,643.02,599.32,584.8,558.8,587.66,595.12,646.58,542.64
559.42,591.42,553.92,591.48,587.24,558.78,592.56,545.88,592.26,573.76
578.98,540.38,569.02,577.92,561.78,583.44,588.12,574.42,585.2,546.56
558.0,588.5,591.9,593.46,620.8,510.3,569.6,614.04,595.78,584.32
594.02,617.8,591.48,562.0,580.08,574.52,584.66,621.58,574.36,594.6
545.66,566.32,583.1,639.54,589.08,577.18,554.38,581.14,588.94,544.66
562.08,585.38,563.64,644.38,585.3,563.68,583.0,561.52,583.3,559.0
597.78,554.38,591.14,585.18,591.16,526.66,553.54,611.44,607.96,576.88
554.04,622.14,597.7,567.72,606.9,544.5,563.76,605.22,593.66,547.34
505.2,582.44,511.68,599.04,563.74,557.18,612.8,604.46,585.58,570.26
545.46,557.24,572.96,627.82,569.06,566.3,562.26,592.9,611.16,616.96
563.38,528.76,552.2,579.7,609.26,543.16,538.42,619.84,539.74,572.4
590.84,590.66,621.52,581.88,580.12,561.98,597.34,536.64,587.54,561.72
585.84,626.62,589.78,579.6,567.9,589.1,603.76,630.52,596.22,584.94
545.48,598.3,652.22,536.08,637.68,563.0,579.52,567.54,615.44,553.64
612.6,582.4,608.38,593.84,555.88,516.12,583.58,578.64,562.1,545.3
593.96,568.02,594.42,553.18,575.08,577.6,552.74,595.62,583.46,563.9
550.14,633.04,564.54,576.76,608.1,580.52,590.66,540.44,551.74,676.7
606.1,596.7,602.32,617.96,622.78,546.02,559.0,600.2,559.26,626.08
550.28,593.9,648.12,578.78,598.42,558.6,632.5,599.08,535.02,611.22
573.26,578.16,601.6,590.0,602.48,565.08,609.16,607.94,538.54,534.42
558.72,600.14,579.28,606.88,594.92,568.02,621.16,552.78,574.82,562.52
564.58,618.94,630.52,581.96,643.18,581.64,615.26,578.5,565.78,612.0
565.06,637.7,575.16,578.78,567.0,571.36,586.0,590.98,547.96,600.72
597.02,596.3,569.86,577.44,562.36,572.0,524.66,620.52,577.6,604.26
583.56,630.04,606.78,585.66,607.94,565.82,594.44,586.1,622.36,610.92
533.3,587.06,663.66,620.54,594.36,570.98,574.36,585.72,573.42,570.18
549.18,606.04,641.24,567.3,570.7,553.56,554.46,573.46,607.28,607.4
602.1,581.9,617.48,627.88,623.32,548.6,533.3,587.38,578.22,560.14
548.78,645.4,621.26,555.94,533.96,600.98,577.7,633.1,576.72,583.52
605.9,600.6,590.14,540.22,541.72,610.28,523.78,603.5,563.68,611.78
573.52,612.46,597.38,573.12,579.26,554.74,532.38,602.16,548.92,589.46
583.38,581.24,591.68,599.1,593.28,573.84,554.56,589.9,608.0,588.44
633.42,586.06,591.96,576.46,618.5,580.4,577.32,580.14,608.38,575.28
588.46,626.96,576.04,591.34,583.18,546.76,594.8,591.92,621.82,564.44
576.28,590.52,585.2,552.34,638.02,574.32,553.68,628.74,608.68,600.94
590.62,657.34,624.26,557.38,592.96,534.3,563.56,550.32,552.52,625.92
564.1,600.92,594.98,564.72,591.34,549.18,535.24,556.44,625.82,571.52
613.86,595.24,593.44,576.32,603.44,554.6,607.98,611.74,578.88,577.9
573.54,630.8,618.08,583.86,595.3,547.2,598.62,607.92,546.9,619.82
574.66,606.54,580.72,586.62,589.0,552.58,579.72,597.74,583.34,521.06
615.7,589.68,606.94,539.14,582.68,569.78,582.9,612.06,596.84,614.9
613.38,613.7,613.16,570.14,572.52,579.66,566.68,571.4,587.36,644.18
539.26,567.4,615.0,630.08,575.42,624.7,604.82,594.94,611.36,582.46
610.2,548.72,618.86,590.96,622.16,569.26,530.14,649.02,571.94,600.06
650.84,594.58,603.86,535.72,605.74,527.34,560.14,569.18,599.12,558.22
551.4,622.44,588.74,639.34,562.68,577.72,585.06,575.08,611.32,587.04
556.94,603.3,628.28,570.08,544.96,596.08,553.28,596.96,630.84,590.86
569.12,680.34,590.84,577.96,551.92,542.96,594.68,599.18,599.8,575.0
598.78,646.44,652.54,590.46,588.54,562.64,587.3,579.98,578.58,619.06
605.96,574.16,581.58,571.02,578.96,556.46,555.78,573.1,540.06,577.26
555.16,588.44,643.0,526.82,564.76,529.48,543.68,593.4,546.5,550.22
576.52,582.94,609.58,564.24,576.3,563.02,555.74,675.7,642.9,543.24
551.52,626.2,577.0,554.68,533.76,575.7,561.28,622.94,596.0,595.28
585.56,592.36,575.46,562.6,626.12,540.7,591.68,589.44,663.16,490.1
539.4,578.9,589.72,562.18,617.42,592.96,564.28,576.64,604.28,550.92
574.5,647.86,608.24,556.62,574.72,582.36,583.6,570.34,579.06,602.76
561.0,583.6,600.48,586.04,581.48,549.26,565.1,600.94,596.64,564.5
574.32,585.8,575.32,603.52,582.56,582.82,576.96,603.58,538.84,599.22
525.1,605.54,606.18,622.74,563.08,580.16,591.26,581.76,589.72,587.62
578.06,605.08,563.48,600.9,571.14,526.4,563.1,592.26,610.18,573.22
571.72,644.64,632.9,589.42,626.82,609.48,559.4,565.2,595.04,601.8
529.74,539.66,599.94,614.36,543.82,577.32,579.8,617.94,589.08,626.92
582.08,578.76,586.88,621.78,527.72,554.98,560.14,578.68,554.12,591.9
588.92,601.76,598.86,584.88,622.86,536.9,549.76,576.22,629.52,597.64
600.44,627.84,639.86,602.04,591.02,568.76,622.08,596.46,643.2,582.4
605.2,583.9,627.86,575.46,594.06,577.3,553.6,594.08,626.28,582.28
572.92,631.96,604.46,614.12,573.84,568.22,555.32,599.48,586.76,567.06
575.7,554.1,596.96,583.18,545.26,568.78,561.18,611.2,579.62,580.04
551.16,622.82,639.32,625.9,518.54,535.76,518.08,550.68,620.74,578.06
592.38,641.58,575.72,587.48,597.92,560.1,582.58,561.52,618.14,555.32
626.2,590.1,614.32,582.44,542.28,531.0,582.3,552.04,548.18,561.3
553.18,605.64,615.66,614.7,578.7,640.3,575.54,610.84,588.26,626.0
526.24,616.1,578.04,571.02,571.22,610.68,608.48,607.04,589.86,588.26
553.5,550.8,557.2,549.96,615.62,510.36,554.04,599.74,608.74,543.32
608.1,574.92,579.94,585.54,578.26,569.18,591.2,557.76,592.34,551.72
576.62,539.32,668.74,555.46,634.58,550.42,571.24,586.16,611.86,614.72
622.7,577.16,580.46,644.5,614.38,617.66,591.66,584.12,593.02,619.52
628.64,584.68,653.78,595.7,573.86,582.82,588.42,579.86,571.52,573.56
532.0,628.36,580.5,610.24,569.36,585.12,610.08,606.5,567.9,607.8
561.4,608.28,611.2,591.8,566.82,581.32,589.48,617.08,558.46,568.76
593.54,601.1,630.14,585.56,597.14,594.86,541.98,622.28,537.28,577.2
525.44,604.48,565.88,575.04,573.5,536.7,560.76,610.42,617.44,607.9
562.3,630.4,588.94,610.12,552.22,546.32,589.74,592.68,542.22,561.08
588.3,591.42,604.92,691.76,595.44,569.92,591.42,618.58,612.68,574.36
590.86,608.66,540.82,551.56,564.68,571.78,609.88,609.78,616.8,604.34
589.72,652.98,580.56,597.76,533.2,577.76,599.04,611.18,609.12,550.8
565.84,599.0,611.58,607.28,569.76,638.16,569.52,565.16,583.2,535.94
586.48,586.9,599.78,560.8,566.2,564.68,560.24,604.1,604.46,599.3
604.78,650.52,629.54,559.24,610.66,555.76,607.72,551.46,608.14,568.5
536.54,640.32,624.58,575.8,598.26,602.8,628.46,568.1,593.38,592.12
540.62,612.54,643.78,584.76,587.74,623.96,583.54,579.56,649.8,553.02
552.12,582.34,649.6,605.64,566.56,549.92,614.18,591.44,590.06,590.84
616.96,668.68,613.48,628.68,576.66,554.82,581.16,594.68,627.02,581.5
537.24,644.18,630.2,568.72,583.5,605.98,590.66,611.38,637.78,554.18
592.16,564.02,620.32,603.82,611.16,582.84,616.62,627.82,593.1,609.16
535.38,660.42,619.34,588.92,597.44,560.08,584.74,601.64,600.7,575.28
531.44,616.64,580.82,630.66,525.32,568.18,592.08,565.6,586.8,648.98
582.04,597.86,613.1,601.2,559.72,612.74,606.26,614.9,628.28,594.94
571.68,584.12,641.26,602.24,616.0,618.06,620.2,625.44,620.56,514.66
603.1,590.26,544.26,573.16,565.92,599.56,601.16,589.16,542.12,538.22
574.1,589.16,610.9,555.2,576.56,547.64,597.64,638.92,592.1,566.7
584.58,579.82,623.94,554.48,562.54,569.0,607.48,595.88,600.8,584.44
514.8,636.14,596.74,605.04,571.06,582.3,582.14,574.88,584.16,570.76
585.88,639.82,553.5,599.42,645.4,547.18,559.74,555.16,605.74,634.8
570.16,588.24,575.66,547.1,609.56,600.48,596.2,638.06,574.94,569.18
544.64,584.34,578.66,597.58,590.72,581.32,592.72,561.72,590.74,610.02
607.42,647.32,571.62,579.34,635.2,596.68,568.56,611.06,614.6,574.78
542.8,617.1,593.64,578.16,591.82,573.84,557.84,614.44,575.12,548.26
560.16,617.62,617.76,615.78,572.22,591.84,577.6,602.32,553.46,612.58
560.4,576.2,600.3,614.12,568.9,550.34,613.62,601.8,586.6,540.26
577.04,631.68,606.06,568.72,605.46,552.52,619.76,545.96,600.82,561.82
600.46,640.7,595.92,593.04,556.34,502.06,559.62,594.46,649.28,633.92
589.64,621.3,616.74,605.12,620.4,557.94,580.6,623.16,641.44,625.66
570.44,556.9,641.66,597.1,558.3,517.7,572.92,607.82,584.84,561.34
545.26,633.44,581.22,587.0,568.88,611.56,557.74,588.84,597.8,596.58
604.4,655.86,564.92,609.0,649.24,601.4,573.2,547.3,574.72,541.1
549.8,592.98,586.6,596.04,581.18,550.36,633.12,608.28,574.42,576.24
576.54,580.66,699.74,529.66,552.4,531.52,623.1,556.84,597.56,569.24
593.02,618.52,533.4,577.32,596.52,576.76,548.62,638.32,525.76,619.74
544.08,618.34,631.14,607.16,595.76,564.36,596.88,597.98,524.94,592.0
573.76,686.1,631.5,594.24,555.26,558.9,633.78,574.42,627.52,586.06
579.14,548.26,600.82,646.84,588.84,576.92,577.42,620.52,554.46,559.3
571.62,600.8,658.3,608.08,607.82,544.32,563.74,577.68,556.42,576.88
612.1,596.06,614.32,579.58,628.26,594.2,591.16,655.4,602.96,592.98
603.7,583.74,615.94,539.22,565.18,546.66,584.94,623.46,554.14,585.5
579.16,556.08,611.18,603.42,593.0,624.88,569.8,651.86,626.1,557.46
573.3,630.64,573.3,630.38,583.82,566.0,551.12,597.0,634.5,555.32
601.48,621.96,603.74,613.6,573.5,591.66,537.52,608.44,576.16,644.86
595.2,577.16,593.48,586.44,561.16,587.68,567.2,579.28,608.24,527.98
609.1,623.88,577.56,584.54,589.14,572.18,543.88,559.18,569.9,637.38
587.24,606.46,611.24,628.88,611.46,532.1,577.06,559.96,589.24,583.14
565.86,644.34,600.46,595.86,627.9,555.52,568.6,573.32,615.7,561.18
601.6,579.58,528.88,585.06,556.82,564.32,567.76,609.16,600.24,574.08
586.48,636.72,599.08,555.18,596.88,544.88,636.82,635.18,613.06,619.26
580.48,619.2,577.38,560.62,572.94,579.42,632.22,599.12,598.5,601.32
621.34,638.56,614.08,544.08,590.26,532.28,617.16,636.98,598.06,605.06
558.48,620.44,607.92,583.9,582.96,570.86,601.82,573.58,643.08,576.96
595.2,589.36,600.96,574.06,622.9,529.96,654.26,618.7,552.64,548.72
541.4,597.5,598.6,587.4,582.5,570.74,591.78,578.34,622.34,556.42
572.36,590.02,634.5,508.88,578.7,605.7,602.62,568.62,563.74,628.08
561.0,639.9,633.8,573.42,636.16,551.52,588.74,614.64,609.2,523.3
570.2,639.7,647.36,589.48,562.34,547.92,605.88,606.06,599.9,620.56
571.52,614.18,581.62,561.92,568.98,535.52,620.72,544.78,611.96,597.4
551.58,652.4,584.88,598.38,569.4,546.58,681.34,599.74,649.96,567.2
573.48,639.98,605.96,565.46,616.26,577.64,603.68,532.8,595.04,620.92
571.64,562.56,592.26,628.42,582.68,532.32,569.52,599.6,577.5,610.0
576.5,612.32,642.42,562.34,604.74,539.0,581.1,598.4,640.5,652.24
602.02,636.22,584.48,561.24,579.9,560.48,575.22,612.22,633.12,566.42
572.2,589.42,622.74,576.08,528.24,592.92,614.12,621.16,619.22,609.62
600.68,603.72,586.28,545.8,566.04,539.28,547.28,595.46,601.88,584.36
554.18,602.78,586.88,564.46,515.1,530.18,537.2,618.6,609.1,632.98
547.38,662.16,573.18,546.28,562.72,570.42,549.66,605.58,597.2,625.92
557.96,602.52,627.14,564.84,560.5,560.42,569.74,582.26,599.02,595.22
537.32,594.54,611.66,565.24,554.82,591.9,538.9,622.48,587.1,624.46
625.4,612.46,596.8,581.38,604.98,587.96,595.64,593.6,646.56,572.38
632.1,576.28,630.64,628.1,554.2,554.5,628.78,594.2,601.48,561.82
561.26,627.66,602.7,605.08,615.74,516.52,632.82,558.22,576.36,595.98
603.84,634.82,620.04,584.98,605.76,546.66,608.92,598.28,631.28,588.64
573.44,632.74,601.94,629.22,602.06,535.68,565.14,601.42,585.08,585.44
588.18,627.34,649.44,595.44,570.32,558.34,592.1,586.82,569.26,643.02
606.76,608.78,615.84,619.22,571.32,534.64,599.1,557.08,539.02,593.96
586.5,569.02,566.78,583.96,602.06,553.98,586.32,606.66,623.38,602.64
603.28,631.64,604.7,598.1,602.06,551.58,542.8,612.4,604.12,626.86
553.26,638.72,635.12,604.6,559.54,570.14,554.58,614.16,574.64,569.34
614.7,615.16,620.56,644.98,597.06,552.08,549.94,583.0,566.82,544.56
578.52,596.86,602.96,551.9,590.64,570.58,552.06,580.16,639.7,581.1
558.12,621.16,562.84,601.68,613.28,562.26,594.38,577.58,602.1,608.56
633.82,595.48,594.96,542.52,587.98,625.76,556.58,604.64,547.44,576.84
604.28,650.32,634.42,563.4,580.92,617.58,624.42,579.12,602.12,600.7
615.54,620.18,602.18,522.38,567.64,536.6,576.56,542.4,593.26,555.8
659.44,663.98,641.7,575.0,600.46,555.2,621.5,570.64,574.58,633.28
557.52,636.6,557.66,554.22,577.62,521.62,532.44,592.32,615.28,598.26
599.62,604.92,615.8,610.02,591.04,589.36,612.38,563.62,580.94,583.04
601.76,556.78,616.4,596.4,578.1,575.84,593.16,577.26,586.88,598.7
626.24,590.8,584.92,586.64,592.74,565.22,616.82,600.4,556.54,591.02
579.9,653.52,611.88,590.96,597.98,569.24,610.7,576.66,643.8,593.3
602.74,638.2,627.48,590.2,585.68,594.34,595.42,588.88,587.88,553.14
638.1,632.34,629.06,587.88,599.82,554.54,558.4,635.88,642.0,578.66
603.32,548.6,637.46,597.98,567.92,570.96,568.76,549.94,636.54,575.96
569.36,600.72,637.06,635.48,548.92,579.4,584.34,568.76,567.1,597.56
550.82,601.24,624.3,605.92,613.26,628.18,595.18,610.92,591.9,578.58
582.5,607.68,601.3,568.4,584.6,587.32,558.06,605.48,574.64,633.1
589.58,547.2,622.2,624.42,548.9,570.14,596.46,626.4,617.56,642.92
607.22,638.96,599.4,655.82,599.56,588.32,586.78,621.68,639.52,574.3
582.4,599.16,617.34,623.02,600.18,580.1,650.98,632.52,576.08,587.3
527.0,619.5,634.54,568.26,661.7,559.34,577.18,598.06,576.18,598.84
618.72,618.48,654.68,600.12,640.82,621.0,625.86,598.12,590.94,576.84
605.68,635.24,675.92,595.7,625.0,575.18,567.26,648.08,598.72,588.58
557.5,619.56,595.98,568.92,560.02,567.28,565.5,609.22,596.98,589.94
558.48,617.24,635.72,572.74,580.12,562.36,613.32,614.02,583.66,586.2
524.04,618.98,578.2,552.9,587.3,549.46,613.46,589.24,596.28,548.9
573.86,578.94,632.7,554.16,560.58,582.94,535.04,632.6,630.24,621.48
549.86,600.82,610.34,624.14,600.14,576.34,577.0,576.44,587.46,576.22
584.18,616.88,593.62,574.48,567.28,590.84,632.0,612.62,612.96,620.74
612.64,630.54,642.68,628.64,586.54,618.78,588.06,581.1,576.28,633.1
571.4,637.08,616.24,593.36,648.14,557.88,595.26,557.92,641.94,625.06
558.06,581.46,625.7,542.3,582.02,592.62,640.42,596.06,590.2,567.34
574.02,634.92,643.18,598.04,554.76,518.04,558.62,598.52,603.04,527.22
579.0,597.14,593.62,633.8,571.94,582.28,585.72,595.06,595.2,608.06
544.34,575.58,597.18,593.88,600.46,631.94,591.7,639.86,640.68,621.6
578.62,606.58,629.44,595.8,585.58,654.32,618.22,604.34,585.2,582.04
582.24,575.12,559.88,589.22,590.58,582.98,590.2,592.94,548.32,602.34
581.84,596.36,585.6,598.62,609.16,600.02,614.0,607.54,572.42,579.96
563.2,645.14,606.44,604.5,616.08,603.24,601.36,586.16,604.14,604.16
505.0,618.72,625.04,602.2,520.24,569.56,615.26,600.1,634.7,588.18
614.6,553.02,611.26,522.1,600.02,588.9,585.66,642.04,579.94,604.66
602.86,550.72,540.16,649.88,592.26,586.74,570.3,608.18,591.96,577.9
595.2,564.02,598.3,531.48,552.14,524.26,602.2,655.56,614.24,587.04
590.5,642.32,633.24,592.62,551.96,575.32,554.98,638.82,634.08,539.46
591.92,620.16,605.9,615.44,597.14,593.44,549.24,592.66,563.92,577.06
632.58,654.76,586.28,620.16,577.1,567.7,583.54,617.02,671.5,600.2
570.4,595.3,641.78,589.86,581.76,556.64,555.3,604.94,593.68,554.98
553.82,635.18,585.34,592.26,573.44,584.66,603.1,614.94,632.02,591.9
591.64,642.94,571.18,565.8,599.94,579.12,617.68,610.42,596.98,604.6
574.34,652.42,595.22,558.5,640.96,606.48,575.16,645.4,599.32,599.56
552.14,626.18,594.8,624.56,586.92,589.9,608.56,610.84,569.04,584.4
587.14,655.8,640.94,595.06,591.54,666.5,584.4,624.54,637.1,598.08
550.36,621.2,607.9,549.82,615.02,612.66,582.94,647.56,590.3,547.74
606.34,613.7,644.06,616.5,606.98,579.46,604.46,613.36,598.8,597.42
609.44,573.7,559.16,558.62,585.54,589.62,612.76,618.88,591.6,598.0
574.64,624.56,606.96,612.72,637.08,535.2,599.14,591.74,630.46,650.92
580.06,586.78,690.1,609.7,598.06,572.0,575.24,623.1,651.98,578.94
630.78,564.6,583.1,547.36,571.26,546.82,599.88,619.08,606.4,579.52
602.12,639.02,624.86,601.24,617.52,587.96,581.38,598.74,611.74,602.72
616.18,584.32,638.4,627.86,596.08,654.8,547.18,601.4,581.26,525.56
645.22,596.98,608.84,585.84,637.08,602.38,665.16,635.3,633.38,566.72
577.94,580.3,562.16,581.94,635.6,572.6,642.44,670.0,609.5,603.88
611.9,632.22,648.12,553.04,583.86,596.04,610.66,626.74,629.16,647.32
592.62,591.52,612.98,589.7,605.7,592.06,595.04,580.22,608.42,576.92
586.94,561.54,642.04,591.86,630.14,575.04,531.98,618.1,597.68,606.98
551.54,610.42,635.22,590.14,592.78,591.96,573.76,617.28,607.76,583.68
559.98,618.52,578.6,565.1,606.32,585.26,608.32,596.56,623.46,621.1
577.32,575.98,641.86,621.72,601.14,575.38,576.76,575.78,576.84,593.44
575.68,612.38,624.96,562.18,563.82,588.38,600.22,588.78,610.14,589.82
589.56,601.82,566.62,611.16,603.76,606.92,582.36,615.82,574.62,575.54
571.8,571.62,627.02,545.76,568.44,627.32,616.04,610.42,617.64,621.48
563.88,610.82,641.04,589.36,570.86,618.92,545.0,558.3,573.64,607.36
600.24,616.72,561.78,625.86,597.48,568.04,642.24,573.96,585.86,595.02
522.26,602.02,593.24,594.6,601.06,558.72,619.56,591.42,628.98,585.28
611.3,646.04,634.2,558.34,604.64,577.48,569.9,573.08,600.4,654.76
574.1,580.38,637.78,596.96,563.96,562.66,625.68,609.52,591.28,605.78
558.16,578.82,615.26,603.36,602.18,575.86,627.92,578.66,580.62,563.2
569.4,615.28,669.86,545.58,604.54,560.28,598.56,624.36,571.38,581.32
588.08,644.62,643.06,598.8,592.5,570.36,554.76,609.46,640.2,585.3
577.06,621.74,638.92,567.04,586.66,656.7,559.56,566.4,595.38,621.92
568.44,608.02,592.32,564.56,677.52,565.52,663.32,579.64,572.58,610.86
596.96,643.04,594.12,607.62,586.82,567.3,591.66,614.78,582.5,579.68
581.06,632.96,561.14,592.68,630.6,566.06,592.44,570.42,623.94,586.4
565.16,581.76,614.92,614.66,529.56,587.58,618.7,552.34,609.72,593.02
611.64,655.24,664.4,633.24,588.6,601.24,591.44,563.54,636.32,621.98
569.8,644.5,576.6,623.64,603.68,512.44,567.82,625.16,595.18,618.08
552.86,589.08,592.3,562.5,578.58,578.8,582.72,558.38,593.78,592.7
544.14,621.06,608.36,588.14,607.8,571.6,626.32,604.2,601.6,590.82
504.46,625.02,613.76,577.64,551.5,591.68,559.12,659.3,567.2,617.26
574.04,640.86,599.02,564.0,625.52,599.56,589.36,609.14,609.9,587.28
590.32,660.22,605.64,589.9,587.7,530.64,545.1,585.9,585.24,573.6
572.48,633.14,688.06,585.8,547.16,589.9,595.76,611.46,623.04,594.48
594.0,597.38,608.26,644.76,594.9,535.94,559.28,563.38,605.18,627.76
569.02,587.54,557.9,571.04,591.28,609.54,609.66,610.2,561.24,573.46
635.9,591.66,639.38,658.26,638.7,591.36,593.22,588.68,615.84,551.34
582.5,585.78,589.96,587.84,582.94,568.9,582.7,600.72,617.1,585.88
633.32,634.4,586.98,580.44,643.58,563.0,615.14,609.6,589.98,603.7
589.78,549.68,618.4,621.4,577.92,617.48,566.82,621.32,583.46,623.64
549.9,580.1,663.26,618.94,635.32,585.18,604.04,647.06,648.5,560.04
587.46,634.76,578.74,641.4,560.48,568.36,631.64,593.9,584.36,586.68
598.2,648.08,634.8,577.54,599.84,552.48,604.32,618.92,598.78,581.68
573.94,634.92,631.6,615.92,590.22,598.32,614.04,604.82,620.48,616.82
604.42,614.44,637.62,601.74,613.72,627.66,611.18,569.12,567.98,560.26
578.76,604.78,623.34,580.6,581.12,552.1,615.18,614.82,587.56,594.46
632.86,604.84,645.22,600.26,619.44,646.4,584.06,583.54,579.5,597.44
602.16,608.02,627.84,556.36,625.16,573.0,566.64,617.38,640.2,599.2
621.36,642.2,625.9,591.32,623.98,573.8,575.32,567.54,570.2,612.66
612.28,598.58,667.14,591.82,573.04,593.44,564.32,690.4,632.6,586.42
585.24,586.7,620.24,537.2,602.5,576.4,552.7,634.92,619.1,562.0
623.16,578.54,600.2,598.6,611.32,570.1,637.82,576.42,540.96,639.64
601.32,587.5,611.14,580.4,550.12,594.86,626.28,562.2,565.72,600.58
616.74,593.26,652.34,624.42,542.0,630.08,598.64,637.22,587.8,632.24
562.96,595.2,584.32,586.7,612.32,606.46,597.2,606.44,619.34,554.7
634.16,650.24,637.68,580.92,594.74,592.54,608.88,579.42,577.24,570.54
580.66,637.94,635.54,557.22,565.64,606.94,632.08,601.04,611.48,569.76
596.96,650.68,544.24,610.86,650.16,620.76,615.58,620.1,622.16,614.06
573.06,616.6,554.04,604.9,625.92,555.74,522.6,609.78,612.4,600.86
551.64,606.02,638.36,563.94,605.4,589.34,577.92,594.24,637.02,592.22
544.96,598.94,624.64,638.06,548.94,620.42,599.2,612.14,616.36,629.52
555.52,585.46,633.64,572.68,585.16,602.8,547.72,654.78,613.86,639.4
595.6,694.12,640.76,585.18,541.56,637.82,588.78,602.06,598.52,593.72
607.1,596.38,607.1,620.34,621.48,608.26,625.06,616.66,634.44,557.58
575.76,616.96,601.64,637.1,563.4,597.76,588.14,635.38,594.22,599.76
593.72,595.92,630.82,631.42,585.88,592.58,602.7,561.18,611.22,550.18
577.18,579.36,607.78,589.76,592.8,574.56,586.98,561.92,598.24,547.38
621.04,581.92,588.0,649.88,662.58,558.64,578.52,623.42,616.0,599.12
581.78,600.26,618.08,597.36,652.36,588.08,609.24,618.28,562.1,604.38
581.26,623.0,596.08,572.36,599.2,568.88,564.14,605.5,569.18,563.9
565.76,625.64,625.96,527.72,628.82,630.7,615.4,585.3,566.92,592.74
560.94,604.04,619.8,553.56,545.16,605.08,581.18,596.32,615.48,611.18
609.14,604.94,596.9,592.72,590.74,542.82,632.86,604.98,612.86,643.8
584.26,618.52,636.48,593.24,562.44,607.72,575.7,582.74,620.56,607.86
622.46,611.44,600.88,583.36,625.96,584.6,568.32,609.86,614.94,623.02
549.0,602.04,630.02,551.5,579.78,574.42,599.46,605.62,619.94,592.02
608.34,621.36,661.58,550.98,615.18,553.08,554.88,603.32,618.32,642.7
555.0,635.1,582.7,577.82,573.46,554.78,595.88,600.08,607.34,572.46
543.24,592.02,683.92,591.56,573.76,577.98,601.54,593.66,614.92,564.04
628.68,610.92,586.06,597.02,631.12,607.78,598.66,645.2,600.88,557.98
598.4,581.18,608.06,588.54,583.66,556.5,556.08,576.02,618.58,538.1
590.74,613.24,637.5,611.2,591.84,622.96,569.22,571.04,573.54,615.92
568.98,590.92,609.78,615.24,596.14,568.54,564.14,592.24,614.56,571.52
589.68,625.42,624.56,654.32,655.24,559.18,648.32,575.84,634.96,642.08
627.0,590.24,667.3,571.86,617.84,600.48,577.0,605.48,602.66,605.22
572.18,572.5,628.56,581.2,578.6,613.64,592.82,640.8,591.76,580.62
599.18,601.34,621.34,621.9,624.74,562.28,587.9,633.36,607.6,669.26
598.3,609.38,606.52,589.1,578.7,598.66,571.54,610.14,622.34,575.64
582.12,581.36,553.9,601.06,566.8,577.46,589.96,564.32,674.24,591.82
588.94,575.82,614.94,576.62,550.98,610.96,590.82,621.24,606.9,595.96
558.0,577.42,615.88,669.28,552.64,513.08,645.08,614.86,608.16,630.28
627.52,607.9,577.18,630.14,616.7,581.0,584.4,588.16,595.72,619.02
615.98,642.24,611.2,611.84,546.24,551.08,635.6,595.48,621.46,605.72
635.32,576.68,593.84,634.66,592.14,568.26,628.84,612.26,610.72,640.8
565.7,600.46,570.2,583.08,569.18,608.94,605.2,598.46,560.02,579.9
588.76,629.38,621.8,601.72,589.76,582.5,548.96,562.44,613.68,620.88
603.28,636.16,594.28,572.92,631.06,588.58,574.76,568.84,599.9,562.32
592.92,647.62,620.52,579.2,674.64,538.02,589.5,624.52,651.0,630.14
575.72,631.64,658.82,549.86,627.06,603.9,578.14,592.56,614.54,627.12
645.64,609.02,563.02,612.28,609.34,576.16,590.96,589.46,575.62,610.6
585.68,658.96,629.8,607.16,579.44,573.82,543.56,591.2,580.98,610.8
614.42,597.04,604.24,577.3,586.12,621.18,564.44,594.34,561.36,573.76
598.68,623.68,670.38,554.96,599.14,562.3,619.76,557.46,607.52,616.98
573.92,637.06,617.32,596.94,598.28,562.76,592.66,620.86,650.58,601.18
592.12,632.06,634.5,611.24,593.74,545.94,592.86,577.36,605.16,596.02
603.68,591.0,604.08,572.42,563.04,585.7,633.58,629.1,589.78,659.52
579.22,614.82,611.7,624.66,553.74,602.88,641.08,566.82,629.74,615.52
569.68,659.96,560.14,621.9,615.5,542.56,640.08,596.46,584.94,628.46
671.82,588.88,604.22,626.36,629.4,581.48,591.38,627.56,565.14,611.66
609.64,546.2,573.06,588.26,596.56,599.06,619.56,589.78,583.74,649.82
605.18,606.12,591.54,621.48,619.9,585.42,607.84,572.24,573.3,594.96
576.4,606.64,627.58,661.2,605.38,593.34,593.24,581.94,572.04,573.24
588.36,650.88,642.12,585.32,648.6,582.26,593.22,577.7,626.54,610.46
608.36,630.82,589.58,613.12,630.14,591.78,647.32,595.92,618.18,558.38
562.26,629.86,638.38,560.96,625.82,580.74,591.0,587.78,619.98,603.28
578.68,597.16,696.42,610.84,605.64,599.44,588.02,602.32,634.26,574.18
551.82,617.4,597.98,598.6,624.0,596.88,600.02,591.72,650.28,584.64
590.94,593.38,578.9,574.22,617.22,581.56,603.56,602.74,601.1,593.02
584.44,597.2,617.72,627.08,586.2,593.86,608.82,632.92,576.74,587.72
602.2,608.82,583.68,575.76,633.0,618.98,605.76,527.34,623.16,664.36
577.5,580.94,596.62,636.7,554.86,585.0,593.08,563.0,603.1,536.36
618.6,608.74,560.96,617.44,581.24,616.76,579.2,557.24,612.48,630.2
599.22,623.96,618.26,629.86,553.44,589.64,568.52,565.74,623.66,626.78
600.64,554.42,584.26,646.46,539.38,610.68,587.34,559.86,620.78,542.42
622.68,620.16,538.7,618.62,600.84,568.58,613.92,577.92,630.18,589.18
622.36,598.0,566.0,649.46,588.78,591.2,612.08,603.56,605.36,569.34
579.34,672.8,648.3,607.14,643.74,583.46,585.98,616.22,603.02,598.74
612.76,617.2,555.12,597.5,568.72,601.0,626.4,640.84,567.76,655.32
616.7,581.16,567.76,622.94,608.08,619.62,630.86,609.06,596.02,656.62
584.9,597.96,552.74,563.5,597.84,642.08,583.54,636.0,587.4,583.06
627.84,598.24,560.4,552.46,605.42,611.32,588.12,583.3,589.06,627.78
587.98,632.68,606.04,532.28,597.12,586.72,579.2,641.5,608.6,653.78
574.08,617.28,624.46,565.7,576.7,633.94,562.36,604.68,574.88,594.68
594.6,584.4,608.78,576.96,660.98,630.02,582.42,658.98,566.0,620.48
624.14,589.68,604.7,562.24,602.58,568.6,622.48,605.8,568.42,636.12
555.88,626.44,594.74,563.64,629.84,581.52,583.7,577.96,556.3,598.88
614.66,625.04,585.68,541.52,547.26,601.84,554.86,556.98,628.8,609.98
556.46,658.88,555.62,625.98,599.32,596.68,540.86,568.44,629.44,621.52
625.42,646.68,582.9,561.22,604.58,557.8,573.8,599.28,655.58,616.48
579.24,584.64,574.18,550.22,575.92,597.78,605.64,638.24,607.86,637.06
604.56,572.38,627.76,614.88,651.0,634.76,632.6,630.88,606.12,586.52
598.28,653.1,610.82,623.82,582.32,570.02,605.0,616.32,612.22,569.78
579.6,626.04,624.32,588.06,571.66,558.02,568.02,604.88,545.88,627.4
582.86,577.04,643.5,638.8,569.34,562.8,610.16,648.2,599.9,598.62
566.44,568.52,598.5,647.44,673.4,590.3,632.04,614.7,621.64,614.62
598.66,587.24,655.6,579.0,656.54,621.82,577.42,594.16,628.7,626.8
608.88,633.54,574.32,557.5,594.42,562.98,585.94,576.56,570.44,642.52
590.56,617.26,577.78,629.0,625.24,578.9,544.78,613.08,621.5,619.76
570.94,584.66,609.48,616.26,604.28,614.42,562.32,591.7,603.36,617.0
564.98,634.88,600.32,568.38,579.5,613.3,588.88,579.3,613.58,601.54
584.22,621.4,583.94,570.66,576.4,575.8,548.38,634.96,572.64,617.72
558.06,665.58,619.08,625.34,633.86,566.34,577.72,649.16,562.88,619.4
581.94,629.1,614.76,595.64,633.44,572.56,553.58,620.68,583.84,614.54
612.28,638.94,576.46,572.0,621.88,567.88,581.56,554.88,551.08,574.26
604.7,611.18,635.26,640.7,542.84,547.08,572.52,608.88,620.34,589.1
561.92,596.32,622.6,622.62,589.16,528.4,631.66,602.76,594.14,583.34
565.32,591.96,555.3,606.28,555.88,604.02,605.1,607.96,659.74,580.32
620.88,560.62,623.22,629.3,616.46,556.3,560.36,585.3,663.74,544.78
572.6,634.7,589.7,579.02,591.64,572.36,663.78,581.84,584.94,642.5
590.82,633.46,656.16,579.32,597.0,610.68,599.96,670.1,655.1,610.88
609.78,593.48,608.12,561.2,585.0,624.0,589.9,620.18,618.98,598.74
565.32,596.98,624.76,564.22,580.72,555.76,575.96,585.9,585.42,592.4
600.8,617.76,608.88,587.98,592.98,530.78,596.96,575.1,630.6,513.14
588.58,586.92,629.88,609.74,589.74,612.4,597.84,580.44,562.06,600.6
648.24,583.4,647.98,594.32,605.96,599.14,633.16,569.56,637.94,575.6
588.0,609.38,625.88,604.9,596.34,607.68,600.72,617.88,606.54,627.24
611.34,583.06,614.0,658.92,635.02,576.52,610.9,609.42,581.18,642.58
586.28,617.32,604.44,623.18,605.52,593.44,603.82,651.24,575.64,628.2
544.7,588.1,650.28,597.36,616.32,552.62,563.16,582.42,615.54,628.4
547.42,583.46,566.64,574.14,614.94,593.82,577.68,619.62,595.32,630.82
596.4,569.04,605.76,543.92,601.28,563.32,595.72,636.38,625.0,624.52
607.22,605.68,604.7,575.64,615.68,596.3,581.56,618.78,599.32,566.48
611.66,629.3,594.32,596.06,530.44,594.54,576.64,560.4,615.9,619.78
571.26,639.24,641.4,616.62,604.72,587.34,552.02,607.64,630.04,595.88
587.82,592.6,625.72,580.72,569.44,551.52,614.36,693.22,616.04,621.04
587.74,610.92,564.64,587.78,563.82,526.28,580.68,629.56,631.18,627.0
629.22,645.6,650.58,622.28,607.26,616.72,617.52,597.48,623.22,589.6
568.88,584.14,606.78,645.96,627.24,568.4,592.7,646.2,632.52,582.48
562.12,667.9,606.74,568.72,620.8,533.94,603.72,613.64,644.28,596.92
546.76,622.1,608.28,620.96,601.54,590.28,520.36,642.94,625.54,647.54
512.64,679.24,631.7,597.4,631.78,583.14,607.22,596.02,617.76,572.0
590.1,598.44,579.82,615.0,595.1,614.88,595.02,660.16,626.52,608.02
580.82,615.34,625.6,542.58,655.88,578.5,619.74,587.74,613.6,659.78
640.62,615.88,628.38,554.12,618.78,618.7,628.2,650.02,636.46,609.44
583.52,651.58,618.96,657.0,584.38,575.2,582.4,665.0,599.1,596.3
600.46,637.8,552.64,581.92,619.44,580.5,585.22,638.48,626.68,607.26
593.38,578.74,616.56,581.96,635.96,644.9,536.78,658.42,603.64,628.86
582.68,619.66,609.78,628.2,543.9,572.92,572.16,593.24,622.9,614.5
558.36,638.84,645.8,550.02,600.92,551.08,628.86,617.24,613.2,589.34
616.04,594.6,610.06,579.44,589.54,602.36,594.66,654.02,611.96,596.06
578.14,670.44,638.82,589.74,574.76,612.74,549.52,585.84,556.26,567.5
594.12,613.64,584.68,581.98,563.28,535.86,571.12,571.0,619.36,635.2
570.48,625.52,592.46,612.62,632.08,582.12,557.34,571.64,538.46,594.22
585.28,636.16,592.88,616.9,559.52,583.16,593.86,597.94,603.08,596.12
632.2,648.64,582.1,596.78,592.38,598.66,585.36,618.82,618.88,593.16
582.64,652.0,613.46,614.12,637.66,603.88,598.14,599.0,619.32,580.48
601.68,693.74,585.28,632.92,544.5,578.46,574.6,611.04,655.9,575.28
581.52,612.88,579.84,572.28,586.82,569.12,615.56,599.0,635.2,654.38
548.96,571.14,591.16,575.0,564.66,608.0,601.8,546.04,559.32,645.56
555.58,619.66,611.5,586.62,576.12,581.84,650.46,603.96,547.0,580.24
542.08,639.1,600.34,569.56,582.08,539.52,606.92,551.68,595.16,566.42
617.28,611.28,608.16,553.44,630.72,560.76,602.7,658.2,548.26,657.86
565.54,607.74,617.36,562.88,564.54,540.0,577.6,632.88,613.98,600.96
600.06,603.66,587.74,592.44,620.82,545.92,575.7,611.58,615.22,564.14
604.08,598.84,649.06,632.5,560.3,663.88,657.3,610.5,604.44,601.96
576.88,625.2,622.9,582.48,577.72,590.66,642.86,622.96,598.66,576.68
641.18,588.58,601.78,598.34,597.9,579.68,560.74,585.28,614.92,660.76
573.42,664.14,626.46,607.82,604.92,580.8,553.96,603.54,588.26,630.58
639.8,645.56,664.22,616.16,631.48,573.86,579.54,605.12,658.92,587.62
598.9,640.66,649.2,588.84,618.92,561.3,582.26,632.38,614.76,632.38
612.14,648.8,558.88,564.22,624.06,606.88,571.74,616.82,638.5,620.9
622.34,666.5,573.68,619.92,576.58,605.34,597.9,640.04,595.6,640.66
637.8,594.98,577.14,633.9,620.44,622.34,636.78,612.08,598.28,622.88
632.32,612.24,617.72,654.24,582.98,562.6,603.14,590.68,633.52,619.58
528.52,614.44,667.84,603.1,618.02,560.84,570.58,583.62,605.72,656.1
614.9,629.3,630.64,609.12,589.54,620.82,584.02,614.76,644.98,594.0
528.28,576.86,599.14,569.0,611.0,623.04,585.44,634.08,680.44,653.46
641.66,599.98,612.08,591.84,629.84,571.2,577.56,635.3,592.0,611.16
552.3,615.98,624.2,554.46,587.34,634.04,614.06,641.96,658.32,631.96
605.22,621.2,576.7,588.36,594.16,636.56,621.08,571.94,637.56,626.34
673.94,648.9,575.94,598.0,645.9,609.9,585.34,672.32,595.8,581.7
618.58,643.74,660.6,636.82,635.48,620.46,564.92,626.94,620.44,620.38
661.02,609.64,659.08,552.64,627.06,581.64,604.54,632.1,574.16,657.26
591.24,549.34,609.82,640.38,639.8,573.04,574.52,605.38,566.0,610.14
587.92,632.36,617.92,596.5,604.54,619.16,567.8,613.22,595.5,608.1
620.76,560.56,682.32,647.66,550.58,584.24,603.96,596.58,646.28,550.26
583.88,661.06,611.62,590.54,595.4,573.9,590.98,600.64,587.02,625.04
603.68,588.84,644.74,595.68,588.04,543.94,574.76,620.46,615.26,604.24
589.68,628.16,634.26,605.74,575.5,570.14,571.56,624.62,632.72,637.62
603.46,584.5,601.02,628.6,622.68,545.68,582.58,581.42,602.08,622.32
617.74,565.6,646.48,548.08,582.34,567.3,581.94,595.52,632.34,588.98
634.16,603.56,623.76,598.0,560.56,581.42,611.84,611.82,586.74,594.36
619.08,620.08,596.76,629.98,650.74,604.2,595.76,581.94,583.24,626.2
602.88,633.46,647.98,604.5,579.5,554.96,600.9,598.5,625.1,622.14
607.72,611.26,658.04,581.18,601.2,531.2,621.6,559.08,603.84,641.1
569.74,606.08,574.2,622.08,593.14,601.3,598.16,618.4,670.8,649.38
571.3,598.38,643.42,657.24,636.96,570.72,577.98,582.92,623.74,614.7
570.56,652.04,651.1,603.3,617.56,591.36,620.18,594.82,638.14,662.48
560.56,591.74,619.06,601.16,659.52,566.92,597.74,601.74,587.92,644.9
638.04,588.32,632.72,585.84,597.86,609.46,603.38,563.82,592.18,603.24
614.44,597.34,622.34,599.22,618.54,551.8,591.9,598.96,597.58,614.24
623.4,559.26,645.58,589.28,599.26,537.3,623.42,636.74,560.36,649.68
599.78,545.16,625.2,578.64,590.86,562.54,610.36,626.12,615.36,642.58
570.6,599.06,630.14,605.98,623.78,565.06,615.98,597.34,602.74,681.38
630.28,604.56,572.7,565.56,563.24,554.6,633.82,614.22,630.14,583.2
580.62,585.36,612.16,637.36,615.94,593.7,602.6,626.54,598.72,613.54
623.0,635.82,647.5,572.68,604.18,565.86,609.18,612.18,577.92,621.94
659.3,584.56,617.8,627.18,581.06,578.58,605.42,555.32,615.02,632.72
645.2,542.94,658.56,587.62,572.6,554.92,600.98,619.74,591.1,619.14
605.16,660.64,618.04,609.56,573.12,536.64,613.6,642.82,647.62,666.52
598.8,588.58,606.52,592.6,620.42,573.2,584.9,582.98,614.86,584.98
599.74,594.42,608.56,647.42,589.26,579.9,609.6,591.44,579.9,587.88
629.26,629.82,611.22,566.52,575.2,576.12,618.92,604.8,612.3,573.52
576.42,620.9,586.14,610.78,614.58,562.08,596.2,615.06,606.94,578.22
632.22,591.42,568.2,577.56,582.5,618.72,592.44,654.32,586.58,646.68
587.32,642.04,619.68,609.34,596.14,576.16,615.44,634.76,612.98,570.94
642.36,625.92,665.12,646.84,599.96,584.48,572.14,587.38,614.7,690.26
638.48,591.56,646.9,655.16,586.32,562.44,634.16,621.38,602.82,632.04
581.36,582.56,619.34,606.86,580.88,580.7,585.24,612.7,589.44,629.72
579.2,632.96,628.7,599.74,586.48,603.86,606.4,589.86,648.14,599.16
594.2,575.0,637.74,651.22,604.7,594.68,564.22,596.68,560.44,621.84
594.26,607.24,614.54,581.06,591.16,604.76,595.66,623.52,571.4,658.28
604.42,592.58,644.56,592.94,574.28,575.6,570.16,618.62,613.74,623.92
615.72,635.18,587.2,571.62,613.32,625.6,617.0,603.74,576.68,597.44
615.52,597.12,610.36,653.8,559.72,565.48,610.16,609.82,574.02,588.34
612.3,623.98,597.42,632.3,584.24,645.54,579.9,605.86,611.84,586.36
642.3,558.7,611.1,586.24,640.34,584.8,614.84,640.9,623.94,591.66
602.6,627.74,642.3,621.92,598.0,579.9,589.84,622.28,601.8,667.54
586.06,593.9,577.12,625.12,567.84,556.46,610.12,591.34,605.04,607.06
583.9,562.6,634.14,603.42,573.88,580.82,577.52,611.68,604.44,589.68
581.46,561.7,622.02,621.4,611.58,569.6,608.52,574.02,635.94,616.2
655.66,612.88,618.26,625.62,588.4,606.78,517.94,627.2,544.76,589.84
592.06,616.76,626.48,607.5,643.66,581.0,574.2,616.9,610.84,642.22
594.44,578.08,594.22,614.42,594.32,623.24,559.56,675.0,649.38,581.34
619.4,615.06,628.98,649.22,563.24,574.04,614.98,617.86,627.8,627.16
600.62,648.3,662.92,634.12,599.74,551.0,546.64,623.84,574.42,607.7
559.52,650.9,663.98,545.26,608.54,587.8,587.02,657.38,551.5,640.64
600.38,633.76,628.44,587.46,593.04,594.82,641.9,636.24,600.56,564.62
600.08,610.46,632.2,629.38,613.64,620.0,585.06,586.64,589.84,598.42
568.3,588.28,616.6,610.02,589.42,594.18,589.44,620.94,572.6,597.64
584.32,602.28,593.52,589.04,546.0,598.16,598.5,602.88,551.6,591.42
619.94,573.42,578.26,583.24,646.9,563.12,536.42,668.42,622.0,588.44
629.46,576.94,655.68,669.94,592.8,556.98,603.56,652.52,628.68,594.3
605.9,597.94,644.0,604.78,614.62,570.58,596.16,636.98,576.84,604.9
547.72,675.76,657.2,652.6,600.32,611.16,628.5,556.92,533.68,591.94
634.16,572.26,661.46,618.88,637.62,663.14,564.26,603.46,606.8,605.62
604.1,639.96,642.4,615.84,611.38,564.7,587.92,626.76,599.98,647.56
587.58,641.78,608.94,613.98,587.46,617.5,612.36,625.76,604.24,622.0
566.88,567.46,633.32,607.22,604.42,634.74,585.4,621.96,534.96,591.82
642.86,572.14,697.08,572.76,553.78,551.54,620.32,567.68,574.54,602.7
590.72,609.58,604.9,620.96,637.82,573.9,642.22,627.08,611.52,574.52
613.34,564.16,643.3,598.0,576.92,552.74,610.68,591.14,661.06,664.9
580.36,645.56,612.96,594.24,607.5,615.76,575.52,610.1,583.94,614.84
635.34,649.78,644.88,604.2,615.02,612.6,621.76,578.38,676.8,633.04
602.6,576.2,638.66,633.4,609.94,593.18,560.86,642.9,607.78,633.32
598.96,654.72,677.8,601.18,599.94,582.22,630.92,641.3,593.44,599.16
602.72,599.06,636.62,576.18,650.98,571.44,586.64,604.32,601.8,639.7
595.64,592.42,649.62,643.68,604.56,605.98,602.18,605.5,577.72,590.82
553.86,607.12,641.94,622.74,607.72,564.66,590.52,618.78,688.32,590.66
588.32,655.0,646.12,607.76,630.46,614.74,600.9,602.38,592.62,591.44
641.3,635.08,627.62,609.3,553.5,628.36,604.06,615.78,612.22,612.12
627.72,642.74,616.08,645.04,566.24,555.62,564.48,643.42,598.66,633.84
616.32,609.32,643.26,568.76,608.26,524.96,546.24,635.6,609.3,588.36
573.18,582.64,558.04,604.52,631.74,618.18,592.06,632.1,627.5,666.0
597.18,600.92,600.5,549.88,600.98,583.46,556.96,605.94,601.16,569.7
617.16,595.1,625.34,632.04,609.24,613.08,571.0,582.26,625.06,631.8
560.48,624.58,575.88,571.84,641.3,592.56,595.04,592.7,620.54,646.64
609.56,586.56,567.7,575.74,591.92,588.38,619.34,593.36,595.42,605.38
625.96,616.64,592.98,565.94,613.28,625.5,673.62,660.32,593.64,615.84
598.46,637.76,601.48,642.08,620.1,600.8,616.34,562.24,544.58,630.88
596.98,573.34,642.7,587.32,595.16,585.54,558.48,612.86,589.02,596.28
590.08,647.12,647.28,600.3,621.72,607.76,622.26,617.52,660.78,629.34
613.54,574.84,605.56,598.7,583.64,587.54,555.5,573.86,576.4,639.9
613.3,602.66,574.68,550.8,591.94,633.8,579.02,620.1,609.34,562.98
587.72,597.38,640.7,595.34,616.2,598.22,569.9,550.26,598.62,622.34
527.12,616.76,648.88,635.48,572.06,582.68,621.92,558.52,579.44,647.14
617.46,568.96,655.28,625.44,574.76,555.44,576.02,579.24,580.0,631.16
600.22,607.54,617.0,656.54,596.34,592.8,587.24,630.34,642.84,572.66
593.94,602.84,642.98,638.5,616.26,542.86,620.8,613.84,623.86,587.38
587.16,586.66,596.08,657.94,588.82,604.48,603.12,551.16,538.52,643.44
634.14,638.9,604.86,634.8,586.12,555.16,599.94,616.44,637.52,596.9
581.84,600.38,641.24,612.18,618.68,590.54,666.56,577.32,624.86,626.98
577.26,603.6,644.1,615.92,586.8,556.02,580.5,562.42,615.62,614.9
631.7,622.02,675.3,568.22,604.74,611.06,617.92,561.04,619.5,655.14
651.26,566.8,595.72,661.64,630.46,597.8,615.08,648.5,649.26,562.28
623.26,625.74,585.64,618.64,635.68,592.34,618.32,591.8,686.82,583.68
607.84,583.7,600.62,589.18,639.62,587.14,652.4,600.88,619.92,643.46
608.36,623.16,613.8,632.72,616.6,615.96,605.24,653.1,632.08,592.0
